??,?????,????,Body ??,Body ??,??,?? ??,??
POST,/tasks/{task_id}/start,?? ??,?? ????? ??? LangGraph ??.,"{
  ""taskName"": ""????????? ????"",
  ""taskManager"": ""???"",
  ""relicInfo"": {""name"": ""?????????"", ""material"": ""???"", ""period"": ""????"", ""condition"": ""?? ?? ? ??? ??""},
  ""relicPhoto"": [],
  ""flow"": [""disassembly""]
}",?? ?? ????? ??,"{
    ""status"": ""waiting_for_input"",
    ""interrupt"": {
        ""stage"": ""?? - ?????? ?????!"",
        ""ai_checklist"": {
            ""checklist"": [
                {
                    ""id"": ""disassembly-checklist-01"",
                    ""label"": ""?? ? ?? ??? ??·??·??(??? ?/??/??, ??? ?? ??) ?? ? ??(??·??·??·??) ??"",
                    ""recommended"": true
                },
",id ?? : disassembly-checklist-00
POST,/tasks/{task_id}/resume,"??
????? ??",??? ????? ID ??,"{
 ""resume"": {
   ""checked_ids"": [""disassembly-checklist-01"",""disassembly-checklist-02"",""disassembly-checklist-03""]
 }
}",??? ??? ?? ??,"{
    ""status"": ""waiting_for_input"",
    ""interrupt"": {
        ""stage"": ""?? - ??? ?????!"",
        ""ai_tools"": {
            ""recommended_tools"": [
                {
                    ""id"": ""disassembly-tools-01"",
                    ""name"": ""???? ???(?? ???)"",
                    ""description"": ""?? ??? ??(??/?/??), ?? ??·?, ?? ??(?? ??)·?? ?? ??? ?? ??? ?? ? ?? ??? ???? ?????. ?? ?? ??? ?? ?? ??(??/??)? ???? ????.""
                },
                ...",id ?? : disassembly-tools-00
??,??,"??
?? ??",??? ?? ID ??,"{
 ""resume"": {
   ""confirmed_tools"": [""disassembly-tools-01"",""disassembly-tools-02"",""disassembly-tools-03""]
 }
}",?? ??? ?? ??,"{
    ""status"": ""waiting_for_input"",
    ""interrupt"": {
        ""stage"": ""?? - ??? ?? ?? ?? ??!"",
        ""ai_disassembly_method"": {
            ""steps"": [
                {
                    ""id"": ""disassembly-method-01"",
                    ""order"": 1,
                    ""label"": ""?? ? ?? ?? ??(??·??·?? + ?? ??)"",
                    ""tools_used"": [
                        ""disassembly-tools-01"",
                        ""disassembly-tools-02""
                    ],
                    ""caution"": ""??? ??? ???? ??? ??, ??/?? ?? ?? ?? ??? ? ????? ??? ?? ??? ???? ??????. ??? ?-?? ???? ?? ????? ?? ? ??·???? ??? ??????.""
                },",id ?? : disassembly-method-00
,,"??
??? ?? ??",??? ?? ?? ID ??,"{
 ""resume"": {
  ""completed_step_ids"" : [""disassembly-method-01"",""disassembly-method-02"",""disassembly-method-03""]
 }
}",??? ??/?? ?? ??,"{
    ""status"": ""waiting_for_input"",
    ""interrupt"": {
        ""stage"": ""?? - ??? ??. ?? ? ??/??? ??????.""
    },
    ""result"": null
}",
,,"??
?? ???","?? ? ?? ??, ??? ?? ??","{
 ""resume"": {
  ""photo_urls"" : [""/desktop/photo1.png"", ""/desktop/photo112.png""],
  ""memo"" : ""???""
 }
}",END,State ?? ??,
,,,,,,,
,,,,,,,
,,,,,,,
,,,,,,,
,,,,,,,
,,,,,,,
,,,,,,,
,,,,,,,
,,,,,,,
,,,,,,,
,,,,,,,
,,,,,,,
,,,,,,,
,,,,,,,
,,,,,,,
,,,,,,,
,,,,,,,
