id,name,nationality_code,material_code,museum_name,index_word,file_name,nationality_name,auto_label_glaze,needs_review_glaze,matched_rule
PS0100100100500467700000,황유완,PS06001010,PS08003005,국립중앙박물관,덕수4677번,PS0100100100500467700000.jpg,신라,판단보류,True,규칙 매칭 없음
PS0100100101100591000000,백자 발,PS06001010,PS08003003,국립중앙박물관,"신수5910번, 음식기, 그릇",PS0100100101100591000000.jpg,신라,유광,False,자기계열:백자
PS0100100102102373400000,녹유 도기 구연부 조각,PS06001010,PS08003099,국립중앙박물관,고적23734번,PS0100100102102373400000.jpg,신라,유광,False,유약직접명시:녹유
PS0100100102102708500000,자기 조각,PS06001010,PS08003,국립중앙박물관,고적27085번,PS0100100102102708500000.jpg,신라,판단보류,True,규칙 매칭 없음
PS0100100200100038500000,陶製裝飾盒,PS06001010,PS08003099,국립경주박물관,"장신구, 장식, 장식함, 경주385번",PS0100100200100038500000.jpg,신라,판단보류,True,규칙 매칭 없음
PS0100100200100049400000,骨壺,PS06001010,PS08003001,국립경주박물관,"의례생활, 상장, 경주494번",PS0100100200100049400000.jpg,신라,판단보류,True,규칙 매칭 없음
PS0100100200100180400000,硯,PS06001010,PS08003,국립경주박물관,"생활용품, 가전, 문방구, 경주1804번",PS0100100200100180400000.jpg,신라,판단보류,True,규칙 매칭 없음
PS0100100200100564400000,鉛釉小壺,PS06001010,PS08003005,국립경주박물관,"저장운반, 월성로 고분, 경주5644번",PS0100100200100564400000.jpg,신라,유광,False,유약직접명시:釉
PS0100100200102232800000,粉靑沙器胎壺,PS06001010,PS08003002,국립경주박물관,"국화문, 의례생활, 출산, 경주22328번",PS0100100200102232800000.jpg,신라,판단보류,True,규칙 매칭 없음
PS0100100200102232900000,胎壺,PS06001010,PS08003002,국립경주박물관,"연화문, 파상문, 국화문, 의례생활, 출산, 경주22329번",PS0100100200102232900000.jpg,신라,판단보류,True,규칙 매칭 없음
PS0100100200102417800000,灰靑磁甁,PS06001010,PS08003001,국립경주박물관,"고대부장품, 음식기, 경주24178번",PS0100100200102417800000.jpg,신라,판단보류,True,규칙 매칭 없음
PS0100100200102417900000,灰靑磁杯,PS06001010,PS08003001,국립경주박물관,"고대부장품, 음식기, 경주24179번",PS0100100200102417900000.jpg,신라,판단보류,True,규칙 매칭 없음
PS0100100200102482900000,靑磁大楪,PS06001010,PS08003001,국립경주박물관,"음식기, 경주24829번",PS0100100200102482900000.jpg,신라,판단보류,True,규칙 매칭 없음
PS0100100200102952300000,白磁底部片,PS06001010,PS08003003,국립경주박물관,"음식기, 경주29523번",PS0100100200102952300000.jpg,신라,판단보류,True,규칙 매칭 없음
PS0100100200103721000000,磁器片,PS06001010,PS08003099,국립경주박물관,"식, 음식, 음식기, 경주37210번",PS0100100200103721000000.jpg,신라,유광,False,자기계열:磁器
PS0100100901800074600000,백자저부편,PS06001010,PS08003003,국립대구박물관,,PS0100100901800074600000.jpg,신라,유광,False,자기계열:백자
PS0100100901800074700000,백자저부편,PS06001010,PS08003003,국립대구박물관,,PS0100100901800074700000.jpg,신라,유광,False,자기계열:백자
PS0100100901800074800000,백자저부편,PS06001010,PS08003003,국립대구박물관,,PS0100100901800074800000.jpg,신라,유광,False,자기계열:백자
PS0100100901800074900000,백자저부편,PS06001010,PS08003003,국립대구박물관,,PS0100100901800074900000.jpg,신라,유광,False,자기계열:백자
PS0100100901800075100000,청자완,PS06001010,PS08003001,국립대구박물관,,PS0100100901800075100000.jpg,신라,유광,False,자기계열:청자
PS0100100901800075200000,백자저부편,PS06001010,PS08003003,국립대구박물관,,PS0100100901800075200000.jpg,신라,유광,False,자기계열:백자
PS0100100901800079200000,백자저부편,PS06001010,PS08003003,국립대구박물관,,PS0100100901800079200000.jpg,신라,유광,False,자기계열:백자
PS0100101200101951100000,자기 편,PS06001010,PS08003001,국립춘천박물관,"춘천019511번, 식기",PS0100101200101951100000.jpg,신라,판단보류,True,규칙 매칭 없음
PS0100101200101951200000,술잔,PS06001010,PS08003099,국립춘천박물관,"춘천019512번, 식기",PS0100101200101951200000.jpg,신라,판단보류,True,규칙 매칭 없음
PS0100101200102394700000,꽃 모양 청자 접시 편,PS06001010,PS08003001,국립춘천박물관,"춘천23947번, 청자 식기",PS0100101200102394700000.jpg,신라,유광,False,자기계열:청자
PS0100101200102394800000,청자 해무리굽 사발 편,PS06001010,PS08003001,국립춘천박물관,"춘천23948번, 청자 식기",PS0100101200102394800000.jpg,신라,유광,False,자기계열:청자
PS0100101200102400800000,도기 병 편,PS06001010,PS08003099,국립춘천박물관,"춘천24008번, 식기",PS0100101200102400800000.jpg,신라,판단보류,True,도기(애매):도기
PS0100101200102407600000,도기 병 편,PS06001010,PS08003099,국립춘천박물관,"춘천24076번, 식기",PS0100101200102407600000.jpg,신라,판단보류,True,도기(애매):도기
PS0100101200102415000000,도기 항아리 편,PS06001010,PS08003099,국립춘천박물관,"춘천24150번, 식기",PS0100101200102415000000.jpg,신라,판단보류,True,도기(애매):도기
PS0100101200102419800000,도기 병 편,PS06001010,PS08003099,국립춘천박물관,"춘천24198번, 식기",PS0100101200102419800000.jpg,신라,판단보류,True,도기(애매):도기
PS0100101200102424100000,도제 벼루 편,PS06001010,PS08003099,국립춘천박물관,"춘천24241번, 생활구",PS0100101200102424100000.jpg,신라,판단보류,True,규칙 매칭 없음
PS0100101200102438200000,청자 해무리굽 사발 편,PS06001010,PS08003001,국립춘천박물관,"춘천24382번, 청자 식기",PS0100101200102438200000.jpg,신라,유광,False,자기계열:청자
PS0100101200102438300000,청자 주전자 편,PS06001010,PS08003001,국립춘천박물관,"춘천24383번, 주전자",PS0100101200102438300000.jpg,신라,유광,False,자기계열:청자
PS0100101200102438400000,청자 편,PS06001010,PS08003001,국립춘천박물관,"춘천24384번, 청자 식기",PS0100101200102438400000.jpg,신라,유광,False,자기계열:청자
PS0100101200102516400000,백자 사발,PS06001010,PS08003003,국립춘천박물관,"춘천25164번, 백자 식기",PS0100101200102516400000.jpg,신라,유광,False,자기계열:백자
PS0100101200102516500000,백자 접시,PS06001010,PS08003003,국립춘천박물관,"춘천25165번, 백자 식기",PS0100101200102516500000.jpg,신라,유광,False,자기계열:백자
PS0100101200102526600000,유약 입힌 도기 뚜껑 편,PS06001010,PS08003099,국립춘천박물관,"춘천25266번, 식기",PS0100101200102526600000.jpg,신라,판단보류,True,도기(애매):도기
PS0100101200102528500000,청자 접시 편,PS06001010,PS08003001,국립춘천박물관,"춘천25285번, 청자 식기",PS0100101200102528500000.jpg,신라,유광,False,자기계열:청자
PS0100101200102528900000,청자 사발 편,PS06001010,PS08003001,국립춘천박물관,"춘천25289번, 청자 식기",PS0100101200102528900000.jpg,신라,유광,False,자기계열:청자
PS0100101200102547300000,도기 편,PS06001010,PS08003099,국립춘천박물관,"춘천25473번, 식기",PS0100101200102547300000.jpg,신라,판단보류,True,도기(애매):도기
PS0100101200105193600000,도기 반구병,PS06001010,PS08003099,국립춘천박물관,"춘천51936번, 식기",PS0100101200105193600000.jpg,신라,판단보류,True,도기(애매):도기
PS0100101200105318100000,그릇 받침 편,PS06001010,PS08003099,국립춘천박물관,"춘천53181번, 식기",PS0100101200105318100000.jpg,신라,판단보류,True,규칙 매칭 없음
PS0100101200105318300000,토기 편,PS06001010,PS08003099,국립춘천박물관,"춘천53183번, 식기",PS0100101200105318300000.jpg,신라,무유,False,토기:토기
PS0100101200106569300000,도기 편,PS06001010,PS08003099,국립춘천박물관,"춘천65693번, 식기",PS0100101200106569300000.jpg,신라,판단보류,True,도기(애매):도기
PS0100101200106569400000,도기 편,PS06001010,PS08003099,국립춘천박물관,"춘천65694번, 식기",PS0100101200106569400000.jpg,신라,판단보류,True,도기(애매):도기
PS0100101200106569500000,도기 편,PS06001010,PS08003099,국립춘천박물관,"춘천65695번, 식기",PS0100101200106569500000.jpg,신라,판단보류,True,도기(애매):도기
PS0100101200106569600000,도기 편,PS06001010,PS08003099,국립춘천박물관,"춘천65696번, 식기",PS0100101200106569600000.jpg,신라,판단보류,True,도기(애매):도기
PS0100101200106570800000,도기 편,PS06001010,PS08003099,국립춘천박물관,"춘천65708번, 식기",PS0100101200106570800000.jpg,신라,판단보류,True,도기(애매):도기
PS0100101200106570900000,도기 편,PS06001010,PS08003099,국립춘천박물관,"춘천65709번, 식기",PS0100101200106570900000.jpg,신라,판단보류,True,도기(애매):도기
PS0100101200106571100000,도기 편,PS06001010,PS08003099,국립춘천박물관,"춘천65711번, 식기",PS0100101200106571100000.jpg,신라,판단보류,True,도기(애매):도기
PS0100101200106575200000,도기 편,PS06001010,PS08003099,국립춘천박물관,"춘천65752번, 식기",PS0100101200106575200000.jpg,신라,판단보류,True,도기(애매):도기
PS0100101200106575500000,도기 편,PS06001010,PS08003099,국립춘천박물관,"춘천65755번, 식기",PS0100101200106575500000.jpg,신라,판단보류,True,도기(애매):도기
PS0100101200108041400000,청자 접시 편,PS06001010,PS08003001,국립춘천박물관,"춘천80414번, 청자 식기",PS0100101200108041400000.jpg,신라,유광,False,자기계열:청자
PS0100101200108041500000,청자 접시 편,PS06001010,PS08003001,국립춘천박물관,"춘천80415번, 청자 식기",PS0100101200108041500000.jpg,신라,유광,False,자기계열:청자
PS0100101200108041600000,백자 뚜껑,PS06001010,PS08003003,국립춘천박물관,"춘천80416번, 백자 식기, 춘천 80411번",PS0100101200108041600000.jpg,신라,유광,False,자기계열:백자
PS0100101200108042600000,청자 접시 편,PS06001010,PS08003001,국립춘천박물관,"춘천80426번, 청자 식기",PS0100101200108042600000.jpg,신라,유광,False,자기계열:청자
PS0100101200108056800000,짧은 목 항아리 편,PS06001010,PS08003099,국립춘천박물관,"춘천80568번, 식기",PS0100101200108056800000.jpg,신라,판단보류,True,규칙 매칭 없음
PS0100101200108056900000,짧은 목 항아리 편,PS06001010,PS08003099,국립춘천박물관,"춘천80569번, 식기",PS0100101200108056900000.jpg,신라,판단보류,True,규칙 매칭 없음
PS0100101200108057000000,도기 굽다리 편,PS06001010,PS08003099,국립춘천박물관,"춘천80570번, 식기",PS0100101200108057000000.jpg,신라,판단보류,True,도기(애매):도기
PS0100101200108057900000,청자 큰 접시 편,PS06001010,PS08003001,국립춘천박물관,"춘천80579번, 청자 식기",PS0100101200108057900000.jpg,신라,유광,False,자기계열:청자
PS0100101200108058000000,청자 접시 편,PS06001010,PS08003001,국립춘천박물관,"춘천80580번, 청자 식기",PS0100101200108058000000.jpg,신라,유광,False,자기계열:청자
PS0100101200108058100000,청자 접시 편,PS06001010,PS08003001,국립춘천박물관,"춘천80581번, 청자 식기",PS0100101200108058100000.jpg,신라,유광,False,자기계열:청자
PS0100101200108058300000,도기 편,PS06001010,PS08003099,국립춘천박물관,"춘천80583번, 식기",PS0100101200108058300000.jpg,신라,판단보류,True,도기(애매):도기
PS0100300501903234700000,자기 저부편,PS06001010,PS08003001,부산광역시립박물관,,PS0100300501903234700000.jpg,신라,판단보류,True,규칙 매칭 없음
PS0100300501903234800000,자기 저부편,PS06001010,PS08003001,부산광역시립박물관,,PS0100300501903234800000.jpg,신라,판단보류,True,규칙 매칭 없음
PS0100300501903235300000,자기 저부편,PS06001010,PS08003001,부산광역시립박물관,,PS0100300501903235300000.jpg,신라,판단보류,True,규칙 매칭 없음
PS0100301300100178900000,녹청자병(綠靑磁甁),PS06001010,PS08003001,광주광역시시립민속박물관,,PS0100301300100178900000.jpg,신라,유광,False,자기계열:청자
PS0100100101100134800000,녹유 잔과 잔받침,PS06001009,PS08003005,국립중앙박물관,"신수1348번, 보물, 보물453호, 특별전시, 국립공주박물관, 백제 이후 백제, 국립익산박물관, 녹색 유약 녹유 綠釉",PS0100100101100134800000.jpg,백제,유광,False,유약직접명시:釉
PS0100100101104811200000,청자 항아리,PS06001009,PS08003001,국립중앙박물관,"신수48112번, 저장, 음식기, 특별전시, 국립나주박물관, 나주 복암리 정촌고분, 전시도록",PS0100100101104811200000.jpg,백제,유광,False,자기계열:청자
PS0100100300100020900000,分靑小甁(분청소병),PS06001009,PS08003002,국립부여박물관,,PS0100100300100020900000.jpg,백제,유광,False,자기계열:분청
PS0100100300100069000000,靑磁甁(청자병),PS06001009,PS08003001,국립부여박물관,,PS0100100300100069000000.jpg,백제,유광,False,자기계열:청자
PS0100100300100150700000,靑磁鐵畵甁,PS06001009,PS08003001,국립부여박물관,,PS0100100300100150700000.jpg,백제,판단보류,True,규칙 매칭 없음
PS0100100300100390600000,靑磁缸,PS06001009,PS08003001,국립부여박물관,,PS0100100300100390600000.jpg,백제,판단보류,True,규칙 매칭 없음
PS0100100300100390900000,靑磁像嵌菊花文'己巳'銘角皿,PS06001009,PS08003001,국립부여박물관,,PS0100100300100390900000.jpg,백제,판단보류,True,규칙 매칭 없음
PS0100100300100611500000,벼루편,PS06001009,PS08003,국립부여박물관,,PS0100100300100611500000.jpg,백제,판단보류,True,규칙 매칭 없음
PS0100100300100647100000,녹유토기편,PS06001009,PS08003099,국립부여박물관,,PS0100100300100647100000.jpg,백제,유광,False,유약직접명시:녹유
PS0100100300101047900000,분청사기완,PS06001009,PS08003002,국립부여박물관,"부여10479번,분청사기,완",PS0100100300101047900000.jpg,백제,유광,False,자기계열:분청
PS0100100300101048000000,분청사기대접,PS06001009,PS08003002,국립부여박물관,"부여10480번,분청사기",PS0100100300101048000000.jpg,백제,유광,False,자기계열:분청
PS0100100300101048100000,분청사기접시,PS06001009,PS08003002,국립부여박물관,"부여10481번,분청사기",PS0100100300101048100000.jpg,백제,유광,False,자기계열:분청
PS0100100300101048200000,백자 저부,PS06001009,PS08003003,국립부여박물관,"부여10482번,백자",PS0100100300101048200000.jpg,백제,유광,False,자기계열:백자
PS0100100300101731100000,백자완,PS06001009,PS08003003,국립부여박물관,"부여17311번,백자,완",PS0100100300101731100000.jpg,백제,유광,False,자기계열:백자
PS0100100300101731200000,백자완,PS06001009,PS08003003,국립부여박물관,"부여17312번,백자,완",PS0100100300101731200000.jpg,백제,유광,False,자기계열:백자
PS0100100300101794100000,청자동체부편,PS06001009,PS08003001,국립부여박물관,"부여17941번,청자,동물눈문양",PS0100100300101794100000.jpg,백제,유광,False,자기계열:청자
PS0100100300101910400000,백자구연부편,PS06001009,PS08003003,국립부여박물관,"부여19104번,백자",PS0100100300101910400000.jpg,백제,유광,False,자기계열:백자
PS0100100300102033200000,도질토기저부편,PS06001009,PS08003099,국립부여박물관,"부여20332번,도기",PS0100100300102033200000.jpg,백제,무유,False,토기:토기
PS0100100300102033700000,도질토기동체부편,PS06001009,PS08003099,국립부여박물관,"부여20337번,도기",PS0100100300102033700000.jpg,백제,무유,False,토기:토기
PS0100100300102033800000,도질토기동체부편,PS06001009,PS08003099,국립부여박물관,"부여20338번,도기",PS0100100300102033800000.jpg,백제,무유,False,토기:토기
PS0100100300102116400000,청자대접,PS06001009,PS08003001,국립부여박물관,"부여21164번,청자,대접",PS0100100300102116400000.jpg,백제,유광,False,자기계열:청자
PS0100100300102458600000,녹갈유도기편,PS06001009,PS08003010,국립부여박물관,"부여24586번,녹갈유",PS0100100300102458600000.jpg,백제,유광,False,유약직접명시:갈유
PS0100100300102459400000,녹갈유도기편,PS06001009,PS08003010,국립부여박물관,"부여24594번,녹갈유",PS0100100300102459400000.jpg,백제,유광,False,유약직접명시:갈유
PS0100100300102723200000,청자병,PS06001009,PS08003001,국립부여박물관,"부여27232번,청자",PS0100100300102723200000.jpg,백제,유광,False,자기계열:청자
PS0100100300102725300000,청자,PS06001009,PS08003001,국립부여박물관,"부여27253번,청자",PS0100100300102725300000.jpg,백제,유광,False,자기계열:청자
PS0100100300102904800000,청자벼루,PS06001009,PS08003001,국립부여박물관,"부여29048번,청자,문방구,벼루",PS0100100300102904800000.jpg,백제,유광,False,자기계열:청자
PS0100100300102904900000,자기,PS06001009,PS08003099,국립부여박물관,"부여29049번,자기",PS0100100300102904900000.jpg,백제,판단보류,True,규칙 매칭 없음
PS0100100300103256700000,녹유기대,PS06001009,PS08003099,국립부여박물관,"부여32567번,녹유,고사리문양",PS0100100300103256700000.jpg,백제,유광,False,유약직접명시:녹유
PS0100100300103337700000,시유도기편,PS06001009,PS08003099,국립부여박물관,"부여33377번,녹유,도기,승문양",PS0100100300103337700000.jpg,백제,유광,False,유약직접명시:시유
PS0100100300103341500000,녹유 대각편,PS06001009,PS08003099,국립부여박물관,"부여33415번,녹유",PS0100100300103341500000.jpg,백제,유광,False,유약직접명시:녹유
PS0100100300104020800000,시유 도기편,PS06001009,PS08003099,국립부여박물관,"부여40208번,도기",PS0100100300104020800000.jpg,백제,유광,False,유약직접명시:시유
PS0100100300104553900000,시유 도기 구연부편,PS06001009,PS08003099,국립부여박물관,"부여45539번,도기",PS0100100300104553900000.jpg,백제,유광,False,유약직접명시:시유
PS0100100300106304000000,청자 벼루편,PS06001009,PS08003001,국립부여박물관,부여63040번,PS0100100300106304000000.jpg,백제,유광,False,자기계열:청자
PS0100100300106304100000,녹유 뚜껑편,PS06001009,PS08003099,국립부여박물관,부여63041번,PS0100100300106304100000.jpg,백제,유광,False,유약직접명시:녹유
PS0100100300106950300000,백자 접시편,PS06001009,PS08003003,국립부여박물관,부여69503번,PS0100100300106950300000.jpg,백제,유광,False,자기계열:백자
PS0100100300106967100000,시유도기 저부편,PS06001009,PS08003099,국립부여박물관,부여69671번,PS0100100300106967100000.jpg,백제,유광,False,유약직접명시:시유
PS0100100400100162400000,청자병동체부편,PS06001009,PS08003001,국립공주박물관,공주1624번,PS0100100400100162400000.jpg,백제,유광,False,자기계열:청자
PS0100100400100216500000,흑갈유 항아리,PS06001009,PS08003099,국립공주박물관,공주2165번,PS0100100400100216500000.jpg,백제,유광,False,유약직접명시:갈유
PS0100100400102458500000,녹유자기사이부호편,PS06001009,PS08003099,국립공주박물관,공주24585번,PS0100100400102458500000.jpg,백제,유광,False,유약직접명시:녹유
PS0100100400104361300000,토제품,PS06001009,PS08003,국립공주박물관,공주43613번,PS0100100400104361300000.jpg,백제,판단보류,True,규칙 매칭 없음
PS0100100400105855000000,녹유 구연부편,PS06001009,PS08003099,국립공주박물관,공주58550번,PS0100100400105855000000.jpg,백제,유광,False,유약직접명시:녹유
PS0100100400700007700000,청자 유개육이호,PS06001009,PS08003001,국립공주박물관,"무령왕릉,백제 왕릉,삼국시대 왕릉,무령왕릉 연도,무령왕릉 널길,중국 청자,의례용기,연판문,횡선문,특별전시,무령왕릉 발굴 50년 새로운 반세기를 준비하며,1500년 전 백제 무령왕의 장례,武寧王陵 新報告書 Ⅶ,무령77,공주680",PS0100100400700007700000.jpg,백제,유광,False,자기계열:청자
PS0100100400700007800000,청자 육이호,PS06001009,PS08003001,국립공주박물관,"무령왕릉,백제 왕릉,삼국시대 왕릉,무령왕릉 연도,무령왕릉 널길,중국 청자,의례용기,연판문,횡선문,특별전시,무령왕릉 발굴 50년 새로운 반세기를 준비하며,1500년 전 백제 무령왕의 장례,武寧王陵 新報告書 Ⅶ,무령78,공주679",PS0100100400700007800000.jpg,백제,유광,False,자기계열:청자
PS0100100400700007900000,흑갈유 사이병,PS06001009,PS08003004,국립공주박물관,"무령왕릉,백제 왕릉,삼국시대 왕릉,무령왕릉 묘실,무령왕릉 널방,의례용기,특별전시,무령왕릉 발굴 50년 새로운 반세기를 준비하며,한중 해양문명의 교류,1500년 전 백제 무령왕의 장례,武寧王陵 新報告書 Ⅶ,무령79,공주678",PS0100100400700007900000.jpg,백제,유광,False,유약직접명시:갈유
PS0100100400700008000000,청자 잔,PS06001009,PS08003001,국립공주박물관,"무령왕릉,백제 왕릉,삼국시대 왕릉,무령왕릉 묘실,무령왕릉 널방,중국 청자,의례용기,특별전시,무령왕릉 발굴 50년 새로운 반세기를 준비하며,1500년 전 백제 무령왕의 장례,武寧王陵 新報告書 Ⅶ,무령80,공주681",PS0100100400700008000000.jpg,백제,유광,False,자기계열:청자
PS0100100400700008100000,청자 등잔,PS06001009,PS08003001,국립공주박물관,"무령왕릉,백제 왕릉,삼국시대 왕릉,무령왕릉 묘실,무령왕릉 널방,중국 청자,특별전시,무령왕릉 발굴 50년 새로운 반세기를 준비하며,1500년 전 백제 무령왕의 장례,武寧王陵 新報告書 Ⅶ,무령81,공주682-1",PS0100100400700008100000.jpg,백제,유광,False,자기계열:청자
PS0100100400700008200000,청자 등잔,PS06001009,PS08003001,국립공주박물관,"무령왕릉,백제 왕릉,삼국시대 왕릉,무령왕릉 묘실,무령왕릉 널방,중국 청자,특별전시,무령왕릉 발굴 50년 새로운 반세기를 준비하며,1500년 전 백제 무령왕의 장례,武寧王陵 新報告書 Ⅶ,무령82,공주682-2",PS0100100400700008200000.jpg,백제,유광,False,자기계열:청자
PS0100100400700008300000,청자 등잔,PS06001009,PS08003001,국립공주박물관,"무령왕릉,백제 왕릉,삼국시대 왕릉,무령왕릉 묘실,무령왕릉 널방,중국 청자,특별전시,무령왕릉 발굴 50년 새로운 반세기를 준비하며,1500년 전 백제 무령왕의 장례,武寧王陵 新報告書 Ⅶ,무령83,공주682-3",PS0100100400700008300000.jpg,백제,유광,False,자기계열:청자
PS0100100400700008400000,청자 등잔,PS06001009,PS08003001,국립공주박물관,"무령왕릉,백제 왕릉,삼국시대 왕릉,무령왕릉 묘실,무령왕릉 널방,중국 청자,특별전시,무령왕릉 발굴 50년 새로운 반세기를 준비하며,1500년 전 백제 무령왕의 장례,武寧王陵 新報告書 Ⅶ,무령84,공주682-4",PS0100100400700008400000.jpg,백제,유광,False,자기계열:청자
PS0100100400700008500000,청자 등잔,PS06001009,PS08003001,국립공주박물관,"무령왕릉,백제 왕릉,삼국시대 왕릉,무령왕릉 묘실,무령왕릉 널방,중국 청자,특별전시,무령왕릉 발굴 50년 새로운 반세기를 준비하며,1500년 전 백제 무령왕의 장례,武寧王陵 新報告書 Ⅶ,무령85,공주682-5",PS0100100400700008500000.jpg,백제,유광,False,자기계열:청자
PS0100100500108549100000,도기저부,PS06001009,PS08003099,국립광주박물관,,PS0100100500108549100000.jpg,백제,판단보류,True,도기(애매):도기
PS0100100500108549200000,파수부도기편,PS06001009,PS08003099,국립광주박물관,,PS0100100500108549200000.jpg,백제,판단보류,True,도기(애매):도기
PS0100100500108549300000,도기구연부편,PS06001009,PS08003099,국립광주박물관,,PS0100100500108549300000.jpg,백제,판단보류,True,도기(애매):도기
PS0100100500108549800000,도기구연부편,PS06001009,PS08003099,국립광주박물관,,PS0100100500108549800000.jpg,백제,판단보류,True,도기(애매):도기
PS0100100500108549900000,도기구연부편,PS06001009,PS08003099,국립광주박물관,,PS0100100500108549900000.jpg,백제,판단보류,True,도기(애매):도기
PS0100100700108192900000,백자 저부편,PS06001009,PS08003003,국립청주박물관,,PS0100100700108192900000.jpg,백제,유광,False,자기계열:백자
PS0100100800104282600000,청자 조각,PS06001009,PS08003001,국립전주박물관,전주42826번,PS0100100800104282600000.jpg,백제,유광,False,자기계열:청자
PS0100100800104289100000,청자 연꽃무늬 병 조각,PS06001009,PS08003001,국립전주박물관,전주42891번,PS0100100800104289100000.jpg,백제,유광,False,자기계열:청자
PS0100100800104291400000,청자 항아리,PS06001009,PS08003001,국립전주박물관,"전주42914번, 정촌고분",PS0100100800104291400000.jpg,백제,유광,False,자기계열:청자
PS0100100800104328800000,청자 조각,PS06001009,PS08003001,국립전주박물관,전주43288번,PS0100100800104328800000.jpg,백제,유광,False,자기계열:청자
PS0100301300100004300000,둥근바닥토기단지,PS06001009,PS08003,광주광역시시립민속박물관,,PS0100301300100004300000.jpg,백제,무유,False,토기:토기
PS0100307900100043700000,옹기 항아리,PS06001009,PS08003015,정림사지박물관,,PS0100307900100043700000.jpg,백제,판단보류,True,규칙 매칭 없음
PS0100324800100000600000,백자잔,PS06001009,PS08003003,남도향토음식박물관,,PS0100324800100000600000.jpg,백제,유광,False,자기계열:백자
PS0100390901000483300000,청자호수호,PS06001009,PS08003001,하남역사,,PS0100390901000483300000.jpg,백제,유광,False,자기계열:청자
PS0100390901000491200000,청자계수호,PS06001009,PS08003001,하남역사,,PS0100390901000491200000.jpg,백제,유광,False,자기계열:청자
PS0100100500100706000000,청자 접시,PS06001011,PS08003001,국립광주박물관,"광주7060번, 강진 용운리 10호 Ⅰ층, 음식기",PS0100100500100706000000.jpg,가야,유광,False,자기계열:청자
PS0100100800102786300000,청자 닭머리 항아리,PS06001011,PS08003001,국립전주박물관,"전주27863번, 전북의 가야 이야기, 가야본성, 전북에서 만나는 가야이야기",PS0100100800102786300000.jpg,가야,유광,False,자기계열:청자
PS0100101000107752800000,자기 조각,PS06001011,PS08003,국립김해박물관,김해77528번,PS0100101000107752800000.jpg,가야,판단보류,True,규칙 매칭 없음
PS0100101000107758500000,도기 항아리,PS06001011,PS08003015,국립김해박물관,김해77585번,PS0100101000107758500000.jpg,가야,판단보류,True,도기(애매):도기
PS0100322000100003800000,굽다리접시(고배),PS06001011,PS08003099,의병박물관,,PS0100322000100003800000.jpg,가야,판단보류,True,규칙 매칭 없음
PS0100322000100003900000,짧은목항아리(단경호),PS06001011,PS08003099,의병박물관,,PS0100322000100003900000.jpg,가야,판단보류,True,규칙 매칭 없음
PS0100322000100004000000,긴목항아리(장경호),PS06001011,PS08003099,의병박물관,,PS0100322000100004000000.jpg,가야,판단보류,True,규칙 매칭 없음
PS0100322000100004500000,유개고배,PS06001011,PS08003099,의병박물관,,PS0100322000100004500000.jpg,가야,판단보류,True,규칙 매칭 없음
PS0100322000100004600000,고배대각,PS06001011,PS08003099,의병박물관,,PS0100322000100004600000.jpg,가야,판단보류,True,규칙 매칭 없음
PS0100322000100004700000,개배(뚜껑접시),PS06001011,PS08003099,의병박물관,,PS0100322000100004700000.jpg,가야,판단보류,True,규칙 매칭 없음
PS0100322000100004800000,뚜껑(개),PS06001011,PS08003099,의병박물관,,PS0100322000100004800000.jpg,가야,판단보류,True,규칙 매칭 없음
PS0100322000100004900000,뚜껑(개),PS06001011,PS08003099,의병박물관,,PS0100322000100004900000.jpg,가야,판단보류,True,규칙 매칭 없음
PS0100322000100005000000,대부단경호,PS06001011,PS08003099,의병박물관,,PS0100322000100005000000.jpg,가야,판단보류,True,규칙 매칭 없음
PS0100322000100005100000,긴목항아리(장경호),PS06001011,PS08003099,의병박물관,,PS0100322000100005100000.jpg,가야,판단보류,True,규칙 매칭 없음
PS0100322000100005300000,굽다리접시(고배),PS06001011,PS08003099,의병박물관,,PS0100322000100005300000.jpg,가야,판단보류,True,규칙 매칭 없음
PS0100322000100005400000,굽다리접시(고배),PS06001011,PS08003099,의병박물관,,PS0100322000100005400000.jpg,가야,판단보류,True,규칙 매칭 없음
PS0100322000100005500000,굽다리접시(고배),PS06001011,PS08003099,의병박물관,,PS0100322000100005500000.jpg,가야,판단보류,True,규칙 매칭 없음
PS0100322000100005600000,굽다리접시(고배),PS06001011,PS08003099,의병박물관,,PS0100322000100005600000.jpg,가야,판단보류,True,규칙 매칭 없음
PS0100322000100005700000,굽다리접시(고배),PS06001011,PS08003099,의병박물관,,PS0100322000100005700000.jpg,가야,판단보류,True,규칙 매칭 없음
PS0100322000100005800000,뚜껑(개),PS06001011,PS08003099,의병박물관,,PS0100322000100005800000.jpg,가야,판단보류,True,규칙 매칭 없음
PS0100322000100005900000,뚜껑(개),PS06001011,PS08003099,의병박물관,,PS0100322000100005900000.jpg,가야,판단보류,True,규칙 매칭 없음
PS0100322000100006000000,긴목항아리(장경호),PS06001011,PS08003099,의병박물관,,PS0100322000100006000000.jpg,가야,판단보류,True,규칙 매칭 없음
PS0100322000100006100000,짧은목항아리(단경호),PS06001011,PS08003099,의병박물관,,PS0100322000100006100000.jpg,가야,판단보류,True,규칙 매칭 없음
PS0100322000100006300000,굽다리접시(고배),PS06001011,PS08003099,의병박물관,,PS0100322000100006300000.jpg,가야,판단보류,True,규칙 매칭 없음
PS0100322000100006400000,굽다리접시(고배),PS06001011,PS08003099,의병박물관,,PS0100322000100006400000.jpg,가야,판단보류,True,규칙 매칭 없음
PS0100322000100006500000,굽다리접시(고배),PS06001011,PS08003099,의병박물관,,PS0100322000100006500000.jpg,가야,판단보류,True,규칙 매칭 없음
PS0100322000100006600000,대부 장경호,PS06001011,PS08003099,의병박물관,,PS0100322000100006600000.jpg,가야,판단보류,True,규칙 매칭 없음
PS0100322000100006700000,대부완,PS06001011,PS08003099,의병박물관,,PS0100322000100006700000.jpg,가야,판단보류,True,규칙 매칭 없음
PS0100322000100006800000,긴목항아리(장경호),PS06001011,PS08003099,의병박물관,,PS0100322000100006800000.jpg,가야,판단보류,True,규칙 매칭 없음
PS0100322000100007500000,굽다리접시(고배),PS06001011,PS08003099,의병박물관,,PS0100322000100007500000.jpg,가야,판단보류,True,규칙 매칭 없음
PS0100322000100007600000,굽다리접시(고배),PS06001011,PS08003099,의병박물관,,PS0100322000100007600000.jpg,가야,판단보류,True,규칙 매칭 없음
PS0100322000100007700000,굽다리접시(고배),PS06001011,PS08003099,의병박물관,,PS0100322000100007700000.jpg,가야,판단보류,True,규칙 매칭 없음
PS0100322000100007800000,굽다리접시(고배),PS06001011,PS08003099,의병박물관,,PS0100322000100007800000.jpg,가야,판단보류,True,규칙 매칭 없음
PS0100322000100007900000,굽다리접시(고배),PS06001011,PS08003099,의병박물관,,PS0100322000100007900000.jpg,가야,판단보류,True,규칙 매칭 없음
PS0100322000100008000000,접시(배),PS06001011,PS08003099,의병박물관,,PS0100322000100008000000.jpg,가야,판단보류,True,규칙 매칭 없음
PS0100322000100008100000,접시(배),PS06001011,PS08003099,의병박물관,,PS0100322000100008100000.jpg,가야,판단보류,True,규칙 매칭 없음
PS0100322000100008200000,접시(배),PS06001011,PS08003099,의병박물관,,PS0100322000100008200000.jpg,가야,판단보류,True,규칙 매칭 없음
PS0100322000100008300000,접시(배),PS06001011,PS08003099,의병박물관,,PS0100322000100008300000.jpg,가야,판단보류,True,규칙 매칭 없음
PS0100322000100008400000,뚜껑(개),PS06001011,PS08003099,의병박물관,,PS0100322000100008400000.jpg,가야,판단보류,True,규칙 매칭 없음
PS0100322000100008500000,뚜껑(개),PS06001011,PS08003099,의병박물관,,PS0100322000100008500000.jpg,가야,판단보류,True,규칙 매칭 없음
PS0100322000100008600000,뚜껑(개),PS06001011,PS08003099,의병박물관,,PS0100322000100008600000.jpg,가야,판단보류,True,규칙 매칭 없음
PS0100322000100008700000,뚜껑(개),PS06001011,PS08003099,의병박물관,,PS0100322000100008700000.jpg,가야,판단보류,True,규칙 매칭 없음
PS0100322000100008800000,뚜껑(개),PS06001011,PS08003099,의병박물관,,PS0100322000100008800000.jpg,가야,판단보류,True,규칙 매칭 없음
PS0100322000100008900000,뚜껑(개),PS06001011,PS08003099,의병박물관,,PS0100322000100008900000.jpg,가야,판단보류,True,규칙 매칭 없음
PS0100322000100009000000,뚜껑(개),PS06001011,PS08003099,의병박물관,,PS0100322000100009000000.jpg,가야,판단보류,True,규칙 매칭 없음
PS0100322000100009100000,뚜껑(개),PS06001011,PS08003099,의병박물관,,PS0100322000100009100000.jpg,가야,판단보류,True,규칙 매칭 없음
PS0100322000100009200000,뚜껑(개),PS06001011,PS08003099,의병박물관,,PS0100322000100009200000.jpg,가야,판단보류,True,규칙 매칭 없음
PS0100322000100009300000,뚜껑(개),PS06001011,PS08003099,의병박물관,,PS0100322000100009300000.jpg,가야,판단보류,True,규칙 매칭 없음
PS0100322000100009400000,뚜껑(개),PS06001011,PS08003099,의병박물관,,PS0100322000100009400000.jpg,가야,판단보류,True,규칙 매칭 없음
PS0100322000100009500000,대부 단경호,PS06001011,PS08003099,의병박물관,,PS0100322000100009500000.jpg,가야,판단보류,True,규칙 매칭 없음
PS0100322000100009600000,긴목항아리(수평구연호),PS06001011,PS08003099,의병박물관,,PS0100322000100009600000.jpg,가야,판단보류,True,규칙 매칭 없음
PS0100322000100009700000,긴목항아리(수평구연호),PS06001011,PS08003099,의병박물관,,PS0100322000100009700000.jpg,가야,판단보류,True,규칙 매칭 없음
PS0100322000100009800000,수평구연호,PS06001011,PS08003099,의병박물관,,PS0100322000100009800000.jpg,가야,판단보류,True,규칙 매칭 없음
PS0100322000100009900000,수평구연호,PS06001011,PS08003099,의병박물관,,PS0100322000100009900000.jpg,가야,판단보류,True,규칙 매칭 없음
PS0100322000100010000000,대부 장경호,PS06001011,PS08003099,의병박물관,,PS0100322000100010000000.jpg,가야,판단보류,True,규칙 매칭 없음
PS0100322000100010100000,컵형토기,PS06001011,PS08003099,의병박물관,,PS0100322000100010100000.jpg,가야,무유,False,토기:토기
PS0100322000100010200000,컵형토기,PS06001011,PS08003099,의병박물관,,PS0100322000100010200000.jpg,가야,무유,False,토기:토기
PS0100322000100010300000,컵형토기,PS06001011,PS08003099,의병박물관,,PS0100322000100010300000.jpg,가야,무유,False,토기:토기
PS0100322000100010400000,컵형토기,PS06001011,PS08003099,의병박물관,,PS0100322000100010400000.jpg,가야,무유,False,토기:토기
PS0100322000100010600000,굽다리접시(고배),PS06001011,PS08003099,의병박물관,,PS0100322000100010600000.jpg,가야,판단보류,True,규칙 매칭 없음
PS0100322000100010700000,굽다리접시(고배),PS06001011,PS08003099,의병박물관,,PS0100322000100010700000.jpg,가야,판단보류,True,규칙 매칭 없음
PS0100322000100010800000,뚜껑(개),PS06001011,PS08003099,의병박물관,,PS0100322000100010800000.jpg,가야,판단보류,True,규칙 매칭 없음
PS0100322000100010900000,짧은목항아리(단경호),PS06001011,PS08003099,의병박물관,,PS0100322000100010900000.jpg,가야,판단보류,True,규칙 매칭 없음
PS0100322000100012100000,굽다리접시(고배),PS06001011,PS08003099,의병박물관,,PS0100322000100012100000.jpg,가야,판단보류,True,규칙 매칭 없음
PS0100322000100012200000,굽다리접시(고배),PS06001011,PS08003099,의병박물관,,PS0100322000100012200000.jpg,가야,판단보류,True,규칙 매칭 없음
PS0100322000100012300000,굽다리접시(고배),PS06001011,PS08003099,의병박물관,,PS0100322000100012300000.jpg,가야,판단보류,True,규칙 매칭 없음
PS0100322000100012400000,굽다리접시(고배),PS06001011,PS08003099,의병박물관,,PS0100322000100012400000.jpg,가야,판단보류,True,규칙 매칭 없음
PS0100322000100012500000,뚜껑(개),PS06001011,PS08003099,의병박물관,,PS0100322000100012500000.jpg,가야,판단보류,True,규칙 매칭 없음
PS0100322000100012600000,뚜껑(개),PS06001011,PS08003099,의병박물관,,PS0100322000100012600000.jpg,가야,판단보류,True,규칙 매칭 없음
PS0100322000100012700000,수평구연호,PS06001011,PS08003099,의병박물관,,PS0100322000100012700000.jpg,가야,판단보류,True,규칙 매칭 없음
PS0100322000100012800000,짧은목항아리(단경호),PS06001011,PS08003099,의병박물관,,PS0100322000100012800000.jpg,가야,판단보류,True,규칙 매칭 없음
PS0100322000100012900000,수평구연호,PS06001011,PS08003099,의병박물관,,PS0100322000100012900000.jpg,가야,판단보류,True,규칙 매칭 없음
PS0100322000100013000000,긴 목 항아리,PS06001011,PS08003099,의병박물관,,PS0100322000100013000000.jpg,가야,판단보류,True,규칙 매칭 없음
PS0100322000100013100000,그릇받침(기대),PS06001011,PS08003099,의병박물관,,PS0100322000100013100000.jpg,가야,판단보류,True,규칙 매칭 없음
PS0100322000100013200000,컵형토기,PS06001011,PS08003099,의병박물관,,PS0100322000100013200000.jpg,가야,무유,False,토기:토기
PS0100322000100013300000,컵형토기,PS06001011,PS08003099,의병박물관,,PS0100322000100013300000.jpg,가야,무유,False,토기:토기
PS0100322000100013400000,광구소호,PS06001011,PS08003099,의병박물관,,PS0100322000100013400000.jpg,가야,판단보류,True,규칙 매칭 없음
PS0100322000100013500000,가락바퀴(방추차),PS06001011,PS08003099,의병박물관,,PS0100322000100013500000.jpg,가야,판단보류,True,규칙 매칭 없음
PS0100322000100013600000,수평구연호,PS06001011,PS08003099,의병박물관,,PS0100322000100013600000.jpg,가야,판단보류,True,규칙 매칭 없음
PS0100322000100015500000,대각,PS06001011,PS08003099,의병박물관,,PS0100322000100015500000.jpg,가야,판단보류,True,규칙 매칭 없음
PS0100322000100015600000,굽다리접시(고배),PS06001011,PS08003099,의병박물관,,PS0100322000100015600000.jpg,가야,판단보류,True,규칙 매칭 없음
PS0100322000100016100000,굽다리접시(고배),PS06001011,PS08003099,의병박물관,,PS0100322000100016100000.jpg,가야,판단보류,True,규칙 매칭 없음
PS0100322000100016200000,굽다리접시(고배),PS06001011,PS08003099,의병박물관,,PS0100322000100016200000.jpg,가야,판단보류,True,규칙 매칭 없음
PS0100322000100016300000,뚜껑(개),PS06001011,PS08003099,의병박물관,,PS0100322000100016300000.jpg,가야,판단보류,True,규칙 매칭 없음
PS0100322000100016400000,뚜껑(개),PS06001011,PS08003099,의병박물관,,PS0100322000100016400000.jpg,가야,판단보류,True,규칙 매칭 없음
PS0100322000100016500000,뚜껑(개),PS06001011,PS08003099,의병박물관,,PS0100322000100016500000.jpg,가야,판단보류,True,규칙 매칭 없음
PS0100322000100016600000,수평구연호,PS06001011,PS08003099,의병박물관,,PS0100322000100016600000.jpg,가야,판단보류,True,규칙 매칭 없음
PS0100322000100016700000,노형토기,PS06001011,PS08003099,의병박물관,,PS0100322000100016700000.jpg,가야,무유,False,토기:토기
PS0100322000100016800000,그릇받침,PS06001011,PS08003099,의병박물관,,PS0100322000100016800000.jpg,가야,판단보류,True,규칙 매칭 없음
PS0100322000100017400000,뚜껑(개),PS06001011,PS08003099,의병박물관,,PS0100322000100017400000.jpg,가야,판단보류,True,규칙 매칭 없음
PS0100322000100017500000,대부호,PS06001011,PS08003099,의병박물관,,PS0100322000100017500000.jpg,가야,판단보류,True,규칙 매칭 없음
PS0100322000100018300000,유개고배,PS06001011,PS08003099,의병박물관,,PS0100322000100018300000.jpg,가야,판단보류,True,규칙 매칭 없음
PS0100322000100018400000,접시,PS06001011,PS08003099,의병박물관,,PS0100322000100018400000.jpg,가야,판단보류,True,규칙 매칭 없음
PS0100322000100018500000,접시,PS06001011,PS08003099,의병박물관,,PS0100322000100018500000.jpg,가야,판단보류,True,규칙 매칭 없음
PS0100322000100018600000,긴목항아리,PS06001011,PS08003099,의병박물관,,PS0100322000100018600000.jpg,가야,판단보류,True,규칙 매칭 없음
PS0100322000100018700000,심발형 토기,PS06001011,PS08003099,의병박물관,,PS0100322000100018700000.jpg,가야,무유,False,토기:토기
PS0100322000100018800000,컵형토기,PS06001011,PS08003099,의병박물관,,PS0100322000100018800000.jpg,가야,무유,False,토기:토기
PS0100322000100018900000,접시,PS06001011,PS08003099,의병박물관,,PS0100322000100018900000.jpg,가야,판단보류,True,규칙 매칭 없음
PS0100322000100019000000,뚜껑(개),PS06001011,PS08003099,의병박물관,,PS0100322000100019000000.jpg,가야,판단보류,True,규칙 매칭 없음
PS0100322000100019100000,뚜껑(개),PS06001011,PS08003099,의병박물관,,PS0100322000100019100000.jpg,가야,판단보류,True,규칙 매칭 없음
PS0100100100100376100000,도기 조각,PS06001013,PS08003001,국립중앙박물관,본관3761번,PS0100100100100376100000.jpg,통일신라,판단보류,True,도기(애매):도기
PS0100100100100614300000,녹유 뼈단지,PS06001013,PS08003005,국립중앙박물관,"본관6143번, 보물, 보물2028호, 뼈항아리, 상장",PS0100100100100614300000.jpg,통일신라,유광,False,유약직접명시:녹유
PS0100100100101247400000,黃褐釉蓋付舍利壺,PS06001013,PS08003099,국립중앙박물관,본관12474번,PS0100100100101247400000.jpg,통일신라,유광,False,유약직접명시:釉
PS0100100100500385800000,도기유병,PS06001013,PS08003009,국립중앙박물관,덕수3858번,PS0100100100500385800000.jpg,통일신라,유광,False,유약직접명시:유병
PS0100100100500416000000,녹유 합,PS06001013,PS08003005,국립중앙박물관,덕수4160번,PS0100100100500416000000.jpg,통일신라,유광,False,유약직접명시:녹유
PS0100100100500429400000,녹유병,PS06001013,PS08003005,국립중앙박물관,덕수4294번,PS0100100100500429400000.jpg,통일신라,유광,False,유약직접명시:유병
PS0100100100500491000000,연유뼈단지,PS06001013,PS08003005,국립중앙박물관,덕수4910번,PS0100100100500491000000.jpg,통일신라,판단보류,True,규칙 매칭 없음
PS0100100100500502900000,연유굽다리접시,PS06001013,PS08003005,국립중앙박물관,덕수5029번,PS0100100100500502900000.jpg,통일신라,판단보류,True,규칙 매칭 없음
PS0100100100500514500000,녹유굽다리단지,PS06001013,PS08003005,국립중앙박물관,덕수5145번,PS0100100100500514500000.jpg,통일신라,유광,False,유약직접명시:녹유
PS0100100100500620200000,녹유뼈단지,PS06001013,PS08003005,국립중앙박물관,덕수6202번,PS0100100100500620200000.jpg,통일신라,유광,False,유약직접명시:녹유
PS0100100100900115700000,「계유」가 새겨진 청자 상감 물가풍경무늬 대접,PS06001013,PS08003001,국립중앙박물관,"동원1157번, 계유, 물가풍경, 명문, 음식기, 동원 이홍근 기증",PS0100100100900115700000.jpg,통일신라,유광,False,자기계열:청자
PS0100100101100040200000,녹유 항아리,PS06001013,PS08003005,국립중앙박물관,"신수402번, 음식기",PS0100100101100040200000.jpg,통일신라,유광,False,유약직접명시:녹유
PS0100100101100511100000,인화무늬 굽다리 병,PS06001013,PS08003,국립중앙박물관,"신수5111번, 음식기",PS0100100101100511100000.jpg,통일신라,판단보류,True,규칙 매칭 없음
PS0100100101102248000000,녹유 자기 조각,PS06001013,PS08003,국립중앙박물관,"신수22480번, 당초문",PS0100100101102248000000.jpg,통일신라,유광,False,유약직접명시:녹유
PS0100100101102423000000,도장무늬 뚜껑 조각,PS06001013,PS08003002,국립중앙박물관,신수24230번,PS0100100101102423000000.jpg,통일신라,판단보류,True,규칙 매칭 없음
PS0100100101104964200000,백자 조각,PS06001013,PS08003003,국립중앙박물관,신수49642번,PS0100100101104964200000.jpg,통일신라,유광,False,자기계열:백자
PS0100100101105216600000,자기편,PS06001013,PS08003099,국립중앙박물관,,PS0100100101105216600000.jpg,통일신라,판단보류,True,규칙 매칭 없음
PS0100100200100016500000,甁,PS06001013,PS08003005,국립경주박물관,"식, 음식, 음식기, 경주165번",PS0100100200100016500000.jpg,통일신라,판단보류,True,규칙 매칭 없음
PS0100100200100763300000,綠釉硯,PS06001013,PS08003005,국립경주박물관,"문방구, 굴불사지, 경주7633번",PS0100100200100763300000.jpg,통일신라,유광,False,유약직접명시:釉
PS0100100200101022100000,磁器片,PS06001013,PS08003099,국립경주박물관,"음식기, 경주10221번",PS0100100200101022100000.jpg,통일신라,유광,False,자기계열:磁器
PS0100100200101580000000,靑磁底部片,PS06001013,PS08003001,국립경주박물관,"음식기, 경주15800번",PS0100100200101580000000.jpg,통일신라,판단보류,True,규칙 매칭 없음
PS0100100200102078200000,粉靑磁器口緣部片,PS06001013,PS08003002,국립경주박물관,"음식기, 경주20782번",PS0100100200102078200000.jpg,통일신라,유광,False,자기계열:磁器
PS0100100200102083600000,靑磁底部片,PS06001013,PS08003099,국립경주박물관,"음식기, 경주20836번",PS0100100200102083600000.jpg,통일신라,판단보류,True,규칙 매칭 없음
PS0100100200102083700000,粉靑磁器片,PS06001013,PS08003002,국립경주박물관,"음식기, 경주20837번",PS0100100200102083700000.jpg,통일신라,유광,False,자기계열:磁器
PS0100100200102083800000,粉靑沙器접시片,PS06001013,PS08003099,국립경주박물관,"음식기, 경주20838번",PS0100100200102083800000.jpg,통일신라,판단보류,True,규칙 매칭 없음
PS0100100200102083900000,粉靑沙器底部片,PS06001013,PS08003099,국립경주박물관,"음식기, 경주20839번",PS0100100200102083900000.jpg,통일신라,판단보류,True,규칙 매칭 없음
PS0100100200102345300000,磁器片,PS06001013,PS08003003,국립경주박물관,"음식기, 경주23453번",PS0100100200102345300000.jpg,통일신라,유광,False,자기계열:磁器
PS0100100200102346700000,粉靑沙器片,PS06001013,PS08003002,국립경주박물관,"음식기, 경주23467번",PS0100100200102346700000.jpg,통일신라,판단보류,True,규칙 매칭 없음
PS0100100200102347800000,粉靑沙器片,PS06001013,PS08003002,국립경주박물관,"음식기, 경주23478번",PS0100100200102347800000.jpg,통일신라,판단보류,True,규칙 매칭 없음
PS0100100200102372500000,靑磁盌,PS06001013,PS08003001,국립경주박물관,"음식기, 경주23725번",PS0100100200102372500000.jpg,통일신라,판단보류,True,규칙 매칭 없음
PS0100100200102372600000,粉靑沙器접시,PS06001013,PS08003002,국립경주박물관,"음식기, 경주23726번",PS0100100200102372600000.jpg,통일신라,판단보류,True,규칙 매칭 없음
PS0100100200102372700000,粉靑沙器접시,PS06001013,PS08003002,국립경주박물관,"음식기, 경주23727번",PS0100100200102372700000.jpg,통일신라,판단보류,True,규칙 매칭 없음
PS0100100200102372800000,象嵌靑磁片,PS06001013,PS08003001,국립경주박물관,"음식기, 경주23728번",PS0100100200102372800000.jpg,통일신라,판단보류,True,규칙 매칭 없음
PS0100100200102376800000,粉靑沙器盌,PS06001013,PS08003002,국립경주박물관,"음식기, 경주23768번",PS0100100200102376800000.jpg,통일신라,판단보류,True,규칙 매칭 없음
PS0100100200102770700000,白磁底部片,PS06001013,PS08003003,국립경주박물관,"음식기, 경주27707번",PS0100100200102770700000.jpg,통일신라,판단보류,True,규칙 매칭 없음
PS0100100200103187100000,粉靑沙器底部片,PS06001013,PS08003002,국립경주박물관,"음식기, 경주31871번",PS0100100200103187100000.jpg,통일신라,판단보류,True,규칙 매칭 없음
PS0100100200103224400000,靑磁片,PS06001013,PS08003001,국립경주박물관,"음식기, 경주32244번",PS0100100200103224400000.jpg,통일신라,판단보류,True,규칙 매칭 없음
PS0100100200103406100000,靑磁大楪,PS06001013,PS08003001,국립경주박물관,"음식, 대접, 경주34061번",PS0100100200103406100000.jpg,통일신라,판단보류,True,규칙 매칭 없음
PS0100100200103594100000,磁器底部片,PS06001013,PS08003001,국립경주박물관,"식, 음식, 음식기, 저부편, 경주35941번",PS0100100200103594100000.jpg,통일신라,유광,False,자기계열:磁器
PS0100100200103785900000,磁器片,PS06001013,PS08003099,국립경주박물관,"식, 음식, 음식기, 경주37859번",PS0100100200103785900000.jpg,통일신라,유광,False,자기계열:磁器
PS0100100200103893600000,甕器,PS06001013,PS08003015,국립경주박물관,"식, 음식, 음식기, 경주38936번",PS0100100200103893600000.jpg,통일신라,판단보류,True,규칙 매칭 없음
PS0100100200103910900000,靑磁접시片,PS06001013,PS08003001,국립경주박물관,"식, 음식, 음식기, 경주39109번",PS0100100200103910900000.jpg,통일신라,판단보류,True,규칙 매칭 없음
PS0100100200103911700000,粉靑沙器片,PS06001013,PS08003002,국립경주박물관,"식, 음식, 음식기, 경주39117번",PS0100100200103911700000.jpg,통일신라,판단보류,True,규칙 매칭 없음
PS0100100200104184300000,黑釉磁器片,PS06001013,PS08003004,국립경주박물관,"음식기, 경주41843번",PS0100100200104184300000.jpg,통일신라,유광,False,유약직접명시:釉
PS0100100200104184400000,綠釉磁器片,PS06001013,PS08003099,국립경주박물관,"음식기, 경주41844번",PS0100100200104184400000.jpg,통일신라,유광,False,유약직접명시:釉
PS0100100200104255300000,褐釉磁器片 ,PS06001013,PS08003099,국립경주박물관,"음식기, 원문, 경주42553번",PS0100100200104255300000.jpg,통일신라,유광,False,유약직접명시:釉
PS0100100200104361500000,磁器片,PS06001013,PS08003004,국립경주박물관,"음식기, 경주43615번",PS0100100200104361500000.jpg,통일신라,유광,False,자기계열:磁器
PS0100100200104381800000,甕器片,PS06001013,PS08003015,국립경주박물관,"음식기, 저장운반, 횡선문, 경주43818번",PS0100100200104381800000.jpg,통일신라,판단보류,True,규칙 매칭 없음
PS0100100200108588700000,靑磁鉢,PS06001013,PS08003001,국립경주박물관,경주85887번,PS0100100200108588700000.jpg,통일신라,판단보류,True,규칙 매칭 없음
PS0100100200108621600000,白磁盌片,PS06001013,PS08003003,국립경주박물관,경주86216번,PS0100100200108621600000.jpg,통일신라,판단보류,True,규칙 매칭 없음
PS0100100200109077500000,靑磁片,PS06001013,PS08003001,국립경주박물관,경주90775번,PS0100100200109077500000.jpg,통일신라,판단보류,True,규칙 매칭 없음
PS0100100200109077600000,白磁片,PS06001013,PS08003003,국립경주박물관,경주90776번,PS0100100200109077600000.jpg,통일신라,판단보류,True,규칙 매칭 없음
PS0100100200109443400000,磁器片,PS06001013,PS08003099,국립경주박물관,경주94434번,PS0100100200109443400000.jpg,통일신라,유광,False,자기계열:磁器
PS0100100200109443500000,磁器片,PS06001013,PS08003099,국립경주박물관,경주94435번,PS0100100200109443500000.jpg,통일신라,유광,False,자기계열:磁器
PS0100100200109443600000,磁器片,PS06001013,PS08003099,국립경주박물관,경주94436번,PS0100100200109443600000.jpg,통일신라,유광,False,자기계열:磁器
PS0100100200109812700000,靑磁底部片,PS06001013,PS08003001,국립경주박물관,경주98127번,PS0100100200109812700000.jpg,통일신라,판단보류,True,규칙 매칭 없음
PS0100100201000140600000,陶玉,PS06001013,PS08003099,국립경주박물관,"장신구, 신체장식, 월성1406번",PS0100100201000140600000.jpg,통일신라,판단보류,True,규칙 매칭 없음
PS0100100201100725700000,頸飾,PS06001013,PS08003001,국립경주박물관,,PS0100100201100725700000.jpg,통일신라,판단보류,True,규칙 매칭 없음
PS0100100201100960800000,도가니편,PS06001013,PS08003099,국립경주박물관,,PS0100100201100960800000.jpg,통일신라,판단보류,True,규칙 매칭 없음
PS0100100201800413600000,靑磁底部片,PS06001013,PS08003001,국립경주박물관,경신4136번,PS0100100201800413600000.jpg,통일신라,판단보류,True,규칙 매칭 없음
PS0100100201800603100000,白磁底部片,PS06001013,PS08003003,국립경주박물관,경신6031번,PS0100100201800603100000.jpg,통일신라,판단보류,True,규칙 매칭 없음
PS0100100201800736000000,白磁盌片,PS06001013,PS08003003,국립경주박물관,경신7360번,PS0100100201800736000000.jpg,통일신라,판단보류,True,규칙 매칭 없음
PS0100100201801108000000,白磁鉢,PS06001013,PS08003003,국립경주박물관,,PS0100100201801108000000.jpg,통일신라,판단보류,True,규칙 매칭 없음
PS0100100201801398800000,靑磁底部片,PS06001013,PS08003001,국립경주박물관,,PS0100100201801398800000.jpg,통일신라,판단보류,True,규칙 매칭 없음
PS0100100201801398900000,靑磁口緣部片,PS06001013,PS08003001,국립경주박물관,,PS0100100201801398900000.jpg,통일신라,판단보류,True,규칙 매칭 없음
PS0100100201801469600000,三彩片,PS06001013,PS08003013,국립경주박물관,,PS0100100201801469600000.jpg,통일신라,판단보류,True,규칙 매칭 없음
PS0100100201801485100000,靑磁底部片,PS06001013,PS08003001,국립경주박물관,,PS0100100201801485100000.jpg,통일신라,판단보류,True,규칙 매칭 없음
PS0100100201801485200000,靑磁底部片,PS06001013,PS08003001,국립경주박물관,,PS0100100201801485200000.jpg,통일신라,판단보류,True,규칙 매칭 없음
PS0100100201801485300000,靑磁底部片,PS06001013,PS08003001,국립경주박물관,,PS0100100201801485300000.jpg,통일신라,판단보류,True,규칙 매칭 없음
PS0100100201801504800000,靑磁底部片,PS06001013,PS08003001,국립경주박물관,,PS0100100201801504800000.jpg,통일신라,판단보류,True,규칙 매칭 없음
PS0100100201801504900000,靑磁底部片,PS06001013,PS08003001,국립경주박물관,,PS0100100201801504900000.jpg,통일신라,판단보류,True,규칙 매칭 없음
PS0100100201801690300000,粉靑沙器盌,PS06001013,PS08003002,국립경주박물관,,PS0100100201801690300000.jpg,통일신라,판단보류,True,규칙 매칭 없음
PS0100100201801878300000,靑磁접시,PS06001013,PS08003001,국립경주박물관,,PS0100100201801878300000.jpg,통일신라,판단보류,True,규칙 매칭 없음
PS0100100201802263600000,甁,PS06001013,PS08003015,국립경주박물관,,PS0100100201802263600000.jpg,통일신라,판단보류,True,규칙 매칭 없음
PS0100100201802276100000,白磁底部片,PS06001013,PS08003003,국립경주박물관,,PS0100100201802276100000.jpg,통일신라,판단보류,True,규칙 매칭 없음
PS0100100201802276200000,白磁底部片,PS06001013,PS08003003,국립경주박물관,,PS0100100201802276200000.jpg,통일신라,판단보류,True,규칙 매칭 없음
PS0100100201802646100000,白磁片,PS06001013,PS08003003,국립경주박물관,,PS0100100201802646100000.jpg,통일신라,판단보류,True,규칙 매칭 없음
PS0100100201802646200000,靑磁底部片,PS06001013,PS08003001,국립경주박물관,,PS0100100201802646200000.jpg,통일신라,판단보류,True,규칙 매칭 없음
PS0100100201802646300000,靑磁底部片,PS06001013,PS08003001,국립경주박물관,,PS0100100201802646300000.jpg,통일신라,판단보류,True,규칙 매칭 없음
PS0100100201802691200000,白磁底部片,PS06001013,PS08003003,국립경주박물관,,PS0100100201802691200000.jpg,통일신라,판단보류,True,규칙 매칭 없음
PS0100100201802828500000,靑磁底部片,PS06001013,PS08003001,국립경주박물관,,PS0100100201802828500000.jpg,통일신라,판단보류,True,규칙 매칭 없음
PS0100100201802867700000,白磁底部片,PS06001013,PS08003003,국립경주박물관,,PS0100100201802867700000.jpg,통일신라,판단보류,True,규칙 매칭 없음
PS0100100201803030300000,靑磁底部片,PS06001013,PS08003001,국립경주박물관,,PS0100100201803030300000.jpg,통일신라,판단보류,True,규칙 매칭 없음
PS0100100201803506100000,陶器底部片,PS06001013,PS08003099,국립경주박물관,,PS0100100201803506100000.jpg,통일신라,판단보류,True,도기(애매):陶器
PS0100100201803730900000,靑磁접시,PS06001013,PS08003001,국립경주박물관,,PS0100100201803730900000.jpg,통일신라,판단보류,True,규칙 매칭 없음
PS0100100201804131700000,靑磁底部片,PS06001013,PS08003001,국립경주박물관,,PS0100100201804131700000.jpg,통일신라,판단보류,True,규칙 매칭 없음
PS0100100201804131800000,唐三彩片,PS06001013,PS08003013,국립경주박물관,,PS0100100201804131800000.jpg,통일신라,판단보류,True,규칙 매칭 없음
PS0100100201805637300000,靑磁盌片,PS06001013,PS08003001,국립경주박물관,,PS0100100201805637300000.jpg,통일신라,판단보류,True,규칙 매칭 없음
PS0100100201805962700000,甁,PS06001013,PS08003004,국립경주박물관,,PS0100100201805962700000.jpg,통일신라,판단보류,True,규칙 매칭 없음
PS0100100201807010800000,백자접시,PS06001013,PS08003003,국립경주박물관,,PS0100100201807010800000.jpg,통일신라,유광,False,자기계열:백자
PS0100100300100612400000,녹유토기편,PS06001013,PS08003099,국립부여박물관,,PS0100100300100612400000.jpg,통일신라,유광,False,유약직접명시:녹유
PS0100100300100709000000,녹유도기편,PS06001013,PS08003099,국립부여박물관,,PS0100100300100709000000.jpg,통일신라,유광,False,유약직접명시:녹유
PS0100100300100730300000,흑갈유 양이관,PS06001013,PS08003004,국립부여박물관,,PS0100100300100730300000.jpg,통일신라,유광,False,유약직접명시:갈유
PS0100100300100730400000,흑갈유 완,PS06001013,PS08003004,국립부여박물관,,PS0100100300100730400000.jpg,통일신라,유광,False,유약직접명시:갈유
PS0100100300102127600000,해무리굽청자편,PS06001013,PS08003001,국립부여박물관,"부여21276번,청자,복원",PS0100100300102127600000.jpg,통일신라,유광,False,자기계열:청자
PS0100100300104701600000,청자접시,PS06001013,PS08003001,국립부여박물관,"부여47016번,청자,접시",PS0100100300104701600000.jpg,통일신라,유광,False,자기계열:청자
PS0100100300105854900000,청자 완,PS06001013,PS08003001,국립부여박물관,부여58549번,PS0100100300105854900000.jpg,통일신라,유광,False,자기계열:청자
PS0100100300106365100000,청자 경부편,PS06001013,PS08003001,국립부여박물관,부여63651번,PS0100100300106365100000.jpg,통일신라,유광,False,자기계열:청자
PS0100100400105766900000,청자구연부편,PS06001013,PS08003001,국립공주박물관,공주57669번,PS0100100400105766900000.jpg,통일신라,유광,False,자기계열:청자
PS0100100400105767000000,분청사기저부편,PS06001013,PS08003002,국립공주박물관,공주57670번,PS0100100400105767000000.jpg,통일신라,유광,False,자기계열:분청
PS0100100100100022000000,분청사기 인화 무늬 사발,PS06001018,PS08003002,국립중앙박물관,본관220번,PS0100100100100022000000.jpg,조선,유광,False,자기계열:분청
PS0100100100100201500000,분청사기인화문완,PS06001018,PS08003002,국립중앙박물관,본관2015번,PS0100100100100201500000.jpg,조선,유광,False,자기계열:분청
PS0100100100100201600000,분청사기인화문대접,PS06001018,PS08003002,국립중앙박물관,본관2016번,PS0100100100100201600000.jpg,조선,유광,False,자기계열:분청
PS0100100100100201700000,분청사기조화초화문병,PS06001018,PS08003002,국립중앙박물관,본관2017번,PS0100100100100201700000.jpg,조선,유광,False,자기계열:분청
PS0100100100100202100000,분청사기인화문완,PS06001018,PS08003002,국립중앙박물관,본관2021번,PS0100100100100202100000.jpg,조선,유광,False,자기계열:분청
PS0100100100100202900000,백자 철화 포도 원숭이무늬 항아리,PS06001018,PS08003003,국립중앙박물관,"본관2029번, 국보, 국보93호, 포도, 원숭이, 음식기",PS0100100100100202900000.jpg,조선,유광,False,자기계열:백자
PS0100100100100204200000,분청사기인화문완,PS06001018,PS08003002,국립중앙박물관,본관2042번,PS0100100100100204200000.jpg,조선,유광,False,자기계열:분청
PS0100100100100205000000,백자제기,PS06001018,PS08003003,국립중앙박물관,본관2050번,PS0100100100100205000000.jpg,조선,유광,False,자기계열:백자
PS0100100100100205700000,분청사기인화문『예빈』명발,PS06001018,PS08003002,국립중앙박물관,본관2057번,PS0100100100100205700000.jpg,조선,유광,False,자기계열:분청
PS0100100100100206100000,분청사기인화문대접,PS06001018,PS08003002,국립중앙박물관,본관2061번,PS0100100100100206100000.jpg,조선,유광,False,자기계열:분청
PS0100100100100210700000,청자상감쌍어문접시,PS06001018,PS08003001,국립중앙박물관,본관2107번,PS0100100100100210700000.jpg,조선,유광,False,자기계열:청자
PS0100100100100211200000,분청사기인화문완,PS06001018,PS08003002,국립중앙박물관,본관2112번,PS0100100100100211200000.jpg,조선,유광,False,자기계열:분청
PS0100100100100211300000,분청사기인화문호,PS06001018,PS08003002,국립중앙박물관,본관2113번,PS0100100100100211300000.jpg,조선,유광,False,자기계열:분청
PS0100100100100211400000,분청사기인화문완,PS06001018,PS08003002,국립중앙박물관,본관2114번,PS0100100100100211400000.jpg,조선,유광,False,자기계열:분청
PS0100100100100211500000,분청사기인화문호,PS06001018,PS08003001,국립중앙박물관,본관2115번,PS0100100100100211500000.jpg,조선,유광,False,자기계열:분청
PS0100100100100211600000,분청사기상감인화문접시,PS06001018,PS08003002,국립중앙박물관,본관2116번,PS0100100100100211600000.jpg,조선,유광,False,자기계열:분청
PS0100100100100211700000,분청사기상감조문완,PS06001018,PS08003002,국립중앙박물관,본관2117번,PS0100100100100211700000.jpg,조선,유광,False,자기계열:분청
PS0100100100100211800000,분청사기인화『내』명접시,PS06001018,PS08003002,국립중앙박물관,본관2118번,PS0100100100100211800000.jpg,조선,유광,False,자기계열:분청
PS0100100100100212000000,분청사기인화문접시,PS06001018,PS08003002,국립중앙박물관,본관2120번,PS0100100100100212000000.jpg,조선,유광,False,자기계열:분청
PS0100100100100212100000,분청사기철화초화문접시,PS06001018,PS08003002,국립중앙박물관,본관2121번,PS0100100100100212100000.jpg,조선,유광,False,자기계열:분청
PS0100100100100212200000,분청사기상감당초문접시,PS06001018,PS08003002,국립중앙박물관,본관2122번,PS0100100100100212200000.jpg,조선,유광,False,자기계열:분청
PS0100100100100212300000,분청사기귀얄문접시,PS06001018,PS08003002,국립중앙박물관,본관2123번,PS0100100100100212300000.jpg,조선,유광,False,자기계열:분청
PS0100100100100212400000,분청사기인화문접시,PS06001018,PS08003002,국립중앙박물관,본관2124번,PS0100100100100212400000.jpg,조선,유광,False,자기계열:분청
PS0100100100100212500000,분청사기인화문접시,PS06001018,PS08003002,국립중앙박물관,본관2125번,PS0100100100100212500000.jpg,조선,유광,False,자기계열:분청
PS0100100100100212600000,분청사기귀얄문접시,PS06001018,PS08003002,국립중앙박물관,본관2126번,PS0100100100100212600000.jpg,조선,유광,False,자기계열:분청
PS0100100100100212700000,분청사기인화문접시,PS06001018,PS08003002,국립중앙박물관,본관2127번,PS0100100100100212700000.jpg,조선,유광,False,자기계열:분청
PS0100100100100212800000,분청사기상감선문접시,PS06001018,PS08003002,국립중앙박물관,본관2128번,PS0100100100100212800000.jpg,조선,유광,False,자기계열:분청
PS0100100100100212900000,분청사기귀얄문접시,PS06001018,PS08003001,국립중앙박물관,본관2129번,PS0100100100100212900000.jpg,조선,유광,False,자기계열:분청
PS0100100100100213000000,분청사기귀얄문접시,PS06001018,PS08003002,국립중앙박물관,본관2130번,PS0100100100100213000000.jpg,조선,유광,False,자기계열:분청
PS0100100100100213100000,분청사기귀얄문접시,PS06001018,PS08003002,국립중앙박물관,본관2131번,PS0100100100100213100000.jpg,조선,유광,False,자기계열:분청
PS0100100100100213300000,분청사기귀얄문접시,PS06001018,PS08003002,국립중앙박물관,본관2133번,PS0100100100100213300000.jpg,조선,유광,False,자기계열:분청
PS0100100100100213400000,분청사기인화문접시,PS06001018,PS08003002,국립중앙박물관,본관2134번,PS0100100100100213400000.jpg,조선,유광,False,자기계열:분청
PS0100100100100213500000,분청사기인화문접시,PS06001018,PS08003002,국립중앙박물관,본관2135번,PS0100100100100213500000.jpg,조선,유광,False,자기계열:분청
PS0100100100100213600000,분청사기귀얄문호,PS06001018,PS08003002,국립중앙박물관,본관2136번,PS0100100100100213600000.jpg,조선,유광,False,자기계열:분청
PS0100100100100213700000,분청사기귀얄문호,PS06001018,PS08003002,국립중앙박물관,본관2137번,PS0100100100100213700000.jpg,조선,유광,False,자기계열:분청
PS0100100100100213800000,분청사기덤벙문완,PS06001018,PS08003002,국립중앙박물관,본관2138번,PS0100100100100213800000.jpg,조선,유광,False,자기계열:분청
PS0100100100100213900000,분청사기상감파상문병,PS06001018,PS08003002,국립중앙박물관,본관2139번,PS0100100100100213900000.jpg,조선,유광,False,자기계열:분청
PS0100100100100214000000,분청사기귀얄문완,PS06001018,PS08003002,국립중앙박물관,본관2140번,PS0100100100100214000000.jpg,조선,유광,False,자기계열:분청
PS0100100100100214900000,백자작,PS06001018,PS08003003,국립중앙박물관,본관2149번,PS0100100100100214900000.jpg,조선,유광,False,자기계열:백자
PS0100100100100215100000,백자양이잔,PS06001018,PS08003003,국립중앙박물관,본관2151번,PS0100100100100215100000.jpg,조선,유광,False,자기계열:백자
PS0100100100100217100000,백자사이호,PS06001018,PS08003003,국립중앙박물관,본관2171번,PS0100100100100217100000.jpg,조선,유광,False,자기계열:백자
PS0100100100100228900000,분청사기철화당초문호,PS06001018,PS08003002,국립중앙박물관,본관2289번,PS0100100100100228900000.jpg,조선,유광,False,자기계열:분청
PS0100100100100232400000,분청사기인화문접시,PS06001018,PS08003002,국립중앙박물관,본관2324번,PS0100100100100232400000.jpg,조선,유광,False,자기계열:분청
PS0100100100100233600000,분청사기인화문대접,PS06001018,PS08003002,국립중앙박물관,본관2336번,PS0100100100100233600000.jpg,조선,유광,False,자기계열:분청
PS0100100100100233700000,분청사기인화문잔,PS06001018,PS08003002,국립중앙박물관,본관2337번,PS0100100100100233700000.jpg,조선,유광,False,자기계열:분청
PS0100100100100233800000,분청사기인화문발,PS06001018,PS08003002,국립중앙박물관,본관2338번,PS0100100100100233800000.jpg,조선,유광,False,자기계열:분청
PS0100100100100233900000,분청사기인화문완,PS06001018,PS08003002,국립중앙박물관,본관2339번,PS0100100100100233900000.jpg,조선,유광,False,자기계열:분청
PS0100100100100234000000,분청사기인화문대접,PS06001018,PS08003002,국립중앙박물관,본관2340번,PS0100100100100234000000.jpg,조선,유광,False,자기계열:분청
PS0100100100100234100000,분청사기상감수금문병,PS06001018,PS08003002,국립중앙박물관,본관2341번,PS0100100100100234100000.jpg,조선,유광,False,자기계열:분청
PS0100100100100234300000,분청사기귀얄문완,PS06001018,PS08003002,국립중앙박물관,본관2343번,PS0100100100100234300000.jpg,조선,유광,False,자기계열:분청
PS0100100100100235200000,백자발,PS06001018,PS08003003,국립중앙박물관,본관2352번,PS0100100100100235200000.jpg,조선,유광,False,자기계열:백자
PS0100100100100235600000,백자청화운룡문호편,PS06001018,PS08003003,국립중앙박물관,본관2356번,PS0100100100100235600000.jpg,조선,유광,False,자기계열:백자
PS0100100100100235700000,백자청화동채화접문호,PS06001018,PS08003003,국립중앙박물관,본관2357번,PS0100100100100235700000.jpg,조선,유광,False,자기계열:백자
PS0100100100100235800000,백자청화동채봉황문호,PS06001018,PS08003003,국립중앙박물관,본관2358번,PS0100100100100235800000.jpg,조선,유광,False,자기계열:백자
PS0100100100100236000000,백자동화국화문호,PS06001018,PS08003003,국립중앙박물관,본관2360번,PS0100100100100236000000.jpg,조선,유광,False,자기계열:백자
PS0100100100100236200000,장단 철원군 최씨 부인 묘지,PS06001018,PS08003,국립중앙박물관,본관2362번,PS0100100100100236200000.jpg,조선,판단보류,True,규칙 매칭 없음
PS0100100100100236300000,구현겸 묘지,PS06001018,PS08003003,국립중앙박물관,본관2363번,PS0100100100100236300000.jpg,조선,판단보류,True,규칙 매칭 없음
PS0100100100100236400000,흑유호,PS06001018,PS08003004,국립중앙박물관,본관2364번,PS0100100100100236400000.jpg,조선,유광,False,유약직접명시:흑유
PS0100100100100236500000,자기편,PS06001018,PS08003,국립중앙박물관,본관2365번,PS0100100100100236500000.jpg,조선,판단보류,True,규칙 매칭 없음
PS0100100100100236700000,백자청화귀갑문각병,PS06001018,PS08003003,국립중앙박물관,본관2367번,PS0100100100100236700000.jpg,조선,유광,False,자기계열:백자
PS0100100100100241400000,백자병,PS06001018,PS08003003,국립중앙박물관,본관2414번,PS0100100100100241400000.jpg,조선,유광,False,자기계열:백자
PS0100100100100241500000,백자호,PS06001018,PS08003003,국립중앙박물관,본관2415번,PS0100100100100241500000.jpg,조선,유광,False,자기계열:백자
PS0100100100100242100000,흑유호,PS06001018,PS08003004,국립중앙박물관,본관2421번,PS0100100100100242100000.jpg,조선,유광,False,유약직접명시:흑유
PS0100100100100242800000,백자대접,PS06001018,PS08003003,국립중앙박물관,본관2428번,PS0100100100100242800000.jpg,조선,유광,False,자기계열:백자
PS0100100100100243100000,백자완,PS06001018,PS08003003,국립중앙박물관,본관2431번,PS0100100100100243100000.jpg,조선,유광,False,자기계열:백자
PS0100100100100243400000,분청사기인화문대접,PS06001018,PS08003002,국립중앙박물관,본관2434번,PS0100100100100243400000.jpg,조선,유광,False,자기계열:분청
PS0100100100100243500000,흑유병,PS06001018,PS08003004,국립중앙박물관,본관2435번,PS0100100100100243500000.jpg,조선,유광,False,유약직접명시:유병
PS0100100100100243600000,백자호,PS06001018,PS08003003,국립중앙박물관,본관2436번,PS0100100100100243600000.jpg,조선,유광,False,자기계열:백자
PS0100100100100243800000,백자향꽂이,PS06001018,PS08003003,국립중앙박물관,본관2438번,PS0100100100100243800000.jpg,조선,유광,False,자기계열:백자
PS0100100100100243900000,청자음각연판문발,PS06001018,PS08003002,국립중앙박물관,본관2439번,PS0100100100100243900000.jpg,조선,유광,False,자기계열:청자
PS0100100100100244000000,분청사기대접,PS06001018,PS08003002,국립중앙박물관,본관2440번,PS0100100100100244000000.jpg,조선,유광,False,자기계열:분청
PS0100100100100244100000,분청사기대접,PS06001018,PS08003002,국립중앙박물관,본관2441번,PS0100100100100244100000.jpg,조선,유광,False,자기계열:분청
PS0100100100100244400000,백자상감당초문발,PS06001018,PS08003003,국립중앙박물관,본관2444번,PS0100100100100244400000.jpg,조선,유광,False,자기계열:백자
PS0100100100100245900000,백자발,PS06001018,PS08003003,국립중앙박물관,본관2459번,PS0100100100100245900000.jpg,조선,유광,False,자기계열:백자
PS0100100100100248900000,분청사기상감선문대접,PS06001018,PS08003002,국립중앙박물관,본관2489번,PS0100100100100248900000.jpg,조선,유광,False,자기계열:분청
PS0100100100100249100000,분청사기대접,PS06001018,PS08003002,국립중앙박물관,본관2491번,PS0100100100100249100000.jpg,조선,유광,False,자기계열:분청
PS0100100100100249400000,白磁透刻連環文筆筒,PS06001018,PS08003003,국립중앙박물관,본관2494번,PS0100100100100249400000.jpg,조선,판단보류,True,규칙 매칭 없음
PS0100100100100376600000,도제불상편,PS06001018,PS08003,국립중앙박물관,본관3766번,PS0100100100100376600000.jpg,조선,판단보류,True,규칙 매칭 없음
PS0100100100100376700000,도자기편,PS06001018,PS08003,국립중앙박물관,본관3767번,PS0100100100100376700000.jpg,조선,판단보류,True,규칙 매칭 없음
PS0100100100100377000000,자기편,PS06001018,PS08003,국립중앙박물관,본관3770번,PS0100100100100377000000.jpg,조선,판단보류,True,규칙 매칭 없음
PS0100100100100377300000,분청사기인화문접시편,PS06001018,PS08003002,국립중앙박물관,본관3773번,PS0100100100100377300000.jpg,조선,유광,False,자기계열:분청
PS0100100100100379900000,분청사기편,PS06001018,PS08003002,국립중앙박물관,본관3799번,PS0100100100100379900000.jpg,조선,유광,False,자기계열:분청
PS0100100100100380400000,구현겸의 아내 정씨 묘지,PS06001018,PS08003,국립중앙박물관,본관3804번,PS0100100100100380400000.jpg,조선,판단보류,True,규칙 매칭 없음
PS0100100100100423800000,백자완,PS06001018,PS08003003,국립중앙박물관,본관4238번,PS0100100100100423800000.jpg,조선,유광,False,자기계열:백자
PS0100100100100439800000,백자제기,PS06001018,PS08003003,국립중앙박물관,본관4398번,PS0100100100100439800000.jpg,조선,유광,False,자기계열:백자
PS0100100100100439900000,백자제기,PS06001018,PS08003003,국립중앙박물관,본관4399번,PS0100100100100439900000.jpg,조선,유광,False,자기계열:백자
PS0100100100100440100000,분청사기인화문발,PS06001018,PS08003002,국립중앙박물관,본관4401번,PS0100100100100440100000.jpg,조선,유광,False,자기계열:분청
PS0100100100100440400000,분청사기인화문병,PS06001018,PS08003002,국립중앙박물관,본관4404번,PS0100100100100440400000.jpg,조선,유광,False,자기계열:분청
PS0100100100100504400000,백자뚜껑편,PS06001018,PS08003003,국립중앙박물관,본관5044번,PS0100100100100504400000.jpg,조선,유광,False,자기계열:백자
PS0100100100100505700000,백자청화묘지,PS06001018,PS08003003,국립중앙박물관,본관5057번,PS0100100100100505700000.jpg,조선,유광,False,자기계열:백자
PS0100100100100513000000,백자 동화 연적,PS06001018,PS08003003,국립중앙박물관,본관5130번,PS0100100100100513000000.jpg,조선,유광,False,자기계열:백자
PS0100100100100639200000,백자 청화 산수 무늬 사각 병,PS06001018,PS08003003,국립중앙박물관,본관6392번,PS0100100100100639200000.jpg,조선,유광,False,자기계열:백자
PS0100100100100647500000,백자청화연화문발,PS06001018,PS08003003,국립중앙박물관,본관6475번,PS0100100100100647500000.jpg,조선,유광,False,자기계열:백자
PS0100100100100752100000,도기편,PS06001018,PS08003,국립중앙박물관,본관7521번,PS0100100100100752100000.jpg,조선,판단보류,True,도기(애매):도기
PS0100100100100768900000,백자호,PS06001018,PS08003003,국립중앙박물관,본관7689번,PS0100100100100768900000.jpg,조선,유광,False,자기계열:백자
PS0100100100100782000000,백자철화묘지,PS06001018,PS08003001,국립중앙박물관,본관7820번,PS0100100100100782000000.jpg,조선,유광,False,자기계열:백자
PS0100100100100787400000,백자 인화 줄 무늬 항아리,PS06001018,PS08003003,국립중앙박물관,본관7874번,PS0100100100100787400000.jpg,조선,유광,False,자기계열:백자
PS0100100100100787800000,"백자향꽂이

백자향립",PS06001018,PS08003003,국립중앙박물관,본관7878번,PS0100100100100787800000.jpg,조선,유광,False,자기계열:백자
PS0100100100100798200000,분청사기조화파초문호,PS06001018,PS08003002,국립중앙박물관,본관7982번,PS0100100100100798200000.jpg,조선,유광,False,자기계열:분청
PS0100100100100798300000,분청사기인화문『내섬시』명병,PS06001018,PS08003002,국립중앙박물관,본관7983번,PS0100100100100798300000.jpg,조선,유광,False,자기계열:분청
PS0100100102100101700000,갈유 항아리 조각,PS06001008,PS08003010,국립중앙박물관,고적1017번,PS0100100102100101700000.jpg,고구려,유광,False,유약직접명시:갈유
PS0100101200108704200000,청자 접시 편,PS06001008,PS08003001,국립춘천박물관,,PS0100101200108704200000.jpg,고구려,유광,False,자기계열:청자
PS0100101200108704400000,청자 접시 저부 편,PS06001008,PS08003001,국립춘천박물관,,PS0100101200108704400000.jpg,고구려,유광,False,자기계열:청자
PS0100101200108704500000,청자 접시 저부 편,PS06001008,PS08003001,국립춘천박물관,,PS0100101200108704500000.jpg,고구려,유광,False,자기계열:청자
PS0100101200108704900000,청자 잔 저부 편,PS06001008,PS08003001,국립춘천박물관,,PS0100101200108704900000.jpg,고구려,유광,False,자기계열:청자
PS0100101200108705000000,청자 잔 구연부 편,PS06001008,PS08003001,국립춘천박물관,,PS0100101200108705000000.jpg,고구려,유광,False,자기계열:청자
PS0100100100100019500000,청자 꽃병,PS06001016,PS08003001,국립중앙박물관,본관195번,PS0100100100100019500000.jpg,고려,유광,False,자기계열:청자
PS0100100100100019600000,청자 양각 모란 넝쿨 무늬 대접,PS06001016,PS08003001,국립중앙박물관,본관196번,PS0100100100100019600000.jpg,고려,유광,False,자기계열:청자
PS0100100100100019700000,청자상감운학문완,PS06001016,PS08003001,국립중앙박물관,본관197번,PS0100100100100019700000.jpg,고려,유광,False,자기계열:청자
PS0100100100100019800000,청자 양각 연판 무늬 대접,PS06001016,PS08003001,국립중앙박물관,본관198번,PS0100100100100019800000.jpg,고려,유광,False,자기계열:청자
PS0100100100100019900000,자갈유천목다완,PS06001016,PS08003004,국립중앙박물관,본관199번,PS0100100100100019900000.jpg,고려,유광,False,유약직접명시:갈유
PS0100100100100020000000,시천목다완,PS06001016,PS08003012,국립중앙박물관,본관200번,PS0100100100100020000000.jpg,고려,판단보류,True,규칙 매칭 없음
PS0100100100100020100000,청자 양각 보상화 넝쿨 무늬 대접,PS06001016,PS08003001,국립중앙박물관,본관201번,PS0100100100100020100000.jpg,고려,유광,False,자기계열:청자
PS0100100100100020200000,갈유완,PS06001016,PS08003012,국립중앙박물관,본관202번,PS0100100100100020200000.jpg,고려,유광,False,유약직접명시:갈유
PS0100100100100020300000,백자 국화 모양 합,PS06001016,PS08003003,국립중앙박물관,본관203번,PS0100100100100020300000.jpg,고려,유광,False,자기계열:백자
PS0100100100100020400000,백자 국화 모양 합,PS06001016,PS08003003,국립중앙박물관,본관204번,PS0100100100100020400000.jpg,고려,유광,False,자기계열:백자
PS0100100100100020500000,백자 양각 꽃 무늬 국화 모양 합,PS06001016,PS08003003,국립중앙박물관,본관205번,PS0100100100100020500000.jpg,고려,유광,False,자기계열:백자
PS0100100100100020600000,청자 상감 국화 줄기 무늬 작은 항아리,PS06001016,PS08003001,국립중앙박물관,본관206번,PS0100100100100020600000.jpg,고려,유광,False,자기계열:청자
PS0100100100100020700000,흑갈유천목완,PS06001016,PS08003012,국립중앙박물관,본관207번,PS0100100100100020700000.jpg,고려,유광,False,유약직접명시:갈유
PS0100100100100020800000,연리 무늬 잔,PS06001016,PS08003001,국립중앙박물관,본관208번,PS0100100100100020800000.jpg,고려,판단보류,True,규칙 매칭 없음
PS0100100100100020900000,백자철화문접시,PS06001016,PS08003003,국립중앙박물관,본관209번,PS0100100100100020900000.jpg,고려,유광,False,자기계열:백자
PS0100100100100021100000,녹유 인화 모란 무늬 접시,PS06001016,PS08003005,국립중앙박물관,본관211번,PS0100100100100021100000.jpg,고려,유광,False,유약직접명시:녹유
PS0100100100100021400000,녹유 양각 모란 넝쿨 무늬 호로 병,PS06001016,PS08003005,국립중앙박물관,본관214번,PS0100100100100021400000.jpg,고려,유광,False,유약직접명시:녹유
PS0100100100100021800000,천목은구완,PS06001016,PS08003012,국립중앙박물관,본관218번,PS0100100100100021800000.jpg,고려,판단보류,True,규칙 매칭 없음
PS0100100100100021900000,청자 조롱박 모양 병,PS06001016,PS08003001,국립중앙박물관,본관219번,PS0100100100100021900000.jpg,고려,유광,False,자기계열:청자
PS0100100100100022100000,청자상감연당초문동채완,PS06001016,PS08003001,국립중앙박물관,본관221번,PS0100100100100022100000.jpg,고려,유광,False,자기계열:청자
PS0100100100100022400000,청자 상감 국화 줄기 무늬 국화 모양 합,PS06001016,PS08003001,국립중앙박물관,본관224번,PS0100100100100022400000.jpg,고려,유광,False,자기계열:청자
PS0100100100100022500000,청자 상감 국화 줄기 무늬 합,PS06001016,PS08003001,국립중앙박물관,본관225번,PS0100100100100022500000.jpg,고려,유광,False,자기계열:청자
PS0100100100100022600000,대피천목완,PS06001016,PS08003012,국립중앙박물관,본관226번,PS0100100100100022600000.jpg,고려,판단보류,True,규칙 매칭 없음
PS0100100100100022900000,연리문호,PS06001016,PS08003001,국립중앙박물관,본관229번,PS0100100100100022900000.jpg,고려,판단보류,True,규칙 매칭 없음
PS0100100100100023000000,청자 상감 국화 줄기 무늬 기름병,PS06001016,PS08003001,국립중앙박물관,"본관230번, 유병",PS0100100100100023000000.jpg,고려,유광,False,유약직접명시:유병
PS0100100100100023100000,백자합,PS06001016,PS08003003,국립중앙박물관,본관231번,PS0100100100100023100000.jpg,고려,유광,False,자기계열:백자
PS0100100100100023500000,철채음각초화문호,PS06001016,PS08003004,국립중앙박물관,본관235번,PS0100100100100023500000.jpg,고려,판단보류,True,규칙 매칭 없음
PS0100100100100023600000,청자 철화 꽃 무늬 합,PS06001016,PS08003001,국립중앙박물관,본관236번,PS0100100100100023600000.jpg,고려,유광,False,자기계열:청자
PS0100100100100023700000,청자 상감 국화 무늬 작은 항아리,PS06001016,PS08003001,국립중앙박물관,본관237번,PS0100100100100023700000.jpg,고려,유광,False,자기계열:청자
PS0100100100100023800000,청자 완,PS06001016,PS08003001,국립중앙박물관,본관238번,PS0100100100100023800000.jpg,고려,유광,False,자기계열:청자
PS0100100100100023900000,청자상감모란국화문대접,PS06001016,PS08003001,국립중앙박물관,본관239번,PS0100100100100023900000.jpg,고려,유광,False,자기계열:청자
PS0100100100100024000000,청자상감모란국화문대접,PS06001016,PS08003001,국립중앙박물관,본관240번,PS0100100100100024000000.jpg,고려,유광,False,자기계열:청자
PS0100100100100024100000,청자 상감 물고기 무늬 대접,PS06001016,PS08003001,국립중앙박물관,본관241번,PS0100100100100024100000.jpg,고려,유광,False,자기계열:청자
PS0100100100100024200000,청자 상감 모란 줄기 무늬 합,PS06001016,PS08003001,국립중앙박물관,본관242번,PS0100100100100024200000.jpg,고려,유광,False,자기계열:청자
PS0100100100100198100000,청자 음각 모란 상감 보자기무늬 뚜껑 매병,PS06001016,PS08003001,국립중앙박물관,"본관1981번, 보물, 보물342호, 모란, 보자기, 음식기",PS0100100100100198100000.jpg,고려,유광,False,자기계열:청자
PS0100100100100198200000,청자상감국화문호,PS06001016,PS08003001,국립중앙박물관,본관1982번,PS0100100100100198200000.jpg,고려,유광,False,자기계열:청자
PS0100100100100198300000,청자상감국모란문과형병,PS06001016,PS08003001,국립중앙박물관,본관1983번,PS0100100100100198300000.jpg,고려,유광,False,자기계열:청자
PS0100100100100198400000,청자 상감 구름 학 무늬 네귀 항아리,PS06001016,PS08003001,국립중앙박물관,본관1984번,PS0100100100100198400000.jpg,고려,유광,False,자기계열:청자
PS0100100100100198500000,청자상감당초문병,PS06001016,PS08003001,국립중앙박물관,본관1985번,PS0100100100100198500000.jpg,고려,유광,False,자기계열:청자
PS0100100100100198600000,시가 새겨진 청자 상감 병,PS06001016,PS08003001,국립중앙박물관,본관1986번,PS0100100100100198600000.jpg,고려,유광,False,자기계열:청자
PS0100100100100198700000,청자음각연화모란문반,PS06001016,PS08003001,국립중앙박물관,본관1987번,PS0100100100100198700000.jpg,고려,유광,False,자기계열:청자
PS0100100100100198800000,청자 방형대,PS06001016,PS08003001,국립중앙박물관,본관1988번,PS0100100100100198800000.jpg,고려,유광,False,자기계열:청자
PS0100100100100199700000,흑유 주전자,PS06001016,PS08003004,국립중앙박물관,본관1997번,PS0100100100100199700000.jpg,고려,유광,False,유약직접명시:흑유
PS0100100100100199800000,청자음각모란문병,PS06001016,PS08003001,국립중앙박물관,본관1998번,PS0100100100100199800000.jpg,고려,유광,False,자기계열:청자
PS0100100100100199900000,청자상감류국문호,PS06001016,PS08003001,국립중앙박물관,본관1999번,PS0100100100100199900000.jpg,고려,유광,False,자기계열:청자
PS0100100100100200000000,청자 상감 칠보 무늬 항아리,PS06001016,PS08003001,국립중앙박물관,"본관2000번, 칠보문",PS0100100100100200000000.jpg,고려,유광,False,자기계열:청자
PS0100100100100200100000,청자투각만자문향로 ,PS06001016,PS08003001,국립중앙박물관,본관2001번,PS0100100100100200100000.jpg,고려,유광,False,자기계열:청자
PS0100100100100200200000,청자 상감 연꽃 넝쿨 무늬 합,PS06001016,PS08003001,국립중앙박물관,본관2002번,PS0100100100100200200000.jpg,고려,유광,False,자기계열:청자
PS0100100100100200300000,청자상감모란문모자합,PS06001016,PS08003001,국립중앙박물관,본관2003번,PS0100100100100200300000.jpg,고려,유광,False,자기계열:청자
PS0100100100100200700000,백자투각당초문합,PS06001016,PS08003003,국립중앙박물관,본관2007번,PS0100100100100200700000.jpg,고려,유광,False,자기계열:백자
PS0100100100100200800000,청자 철화 모란 무늬 병,PS06001016,PS08003001,국립중앙박물관,본관2008번,PS0100100100100200800000.jpg,고려,유광,False,자기계열:청자
PS0100100100100200900000,청자철화초화문병,PS06001016,PS08003001,국립중앙박물관,본관2009번,PS0100100100100200900000.jpg,고려,유광,False,자기계열:청자
PS0100100100100201000000,녹유과형병,PS06001016,PS08003005,국립중앙박물관,본관2010번,PS0100100100100201000000.jpg,고려,유광,False,유약직접명시:녹유
PS0100100100100201800000,청자 상감 여지문 대접,PS06001016,PS08003001,국립중앙박물관,본관2018번,PS0100100100100201800000.jpg,고려,유광,False,자기계열:청자
PS0100100100100201900000,청자양각당초문접시,PS06001016,PS08003001,국립중앙박물관,본관2019번,PS0100100100100201900000.jpg,고려,유광,False,자기계열:청자
PS0100100100100202000000,청자상감국화문합,PS06001016,PS08003001,국립중앙박물관,본관2020번,PS0100100100100202000000.jpg,고려,유광,False,자기계열:청자
PS0100100100100202200000,청자 접시,PS06001016,PS08003001,국립중앙박물관,본관2022번,PS0100100100100202200000.jpg,고려,유광,False,자기계열:청자
PS0100100100100202600000,철유호,PS06001016,PS08003004,국립중앙박물관,본관2026번,PS0100100100100202600000.jpg,고려,판단보류,True,규칙 매칭 없음
PS0100100100100203700000,청자상감국화문반,PS06001016,PS08003001,국립중앙박물관,본관2037번,PS0100100100100203700000.jpg,고려,유광,False,자기계열:청자
PS0100100100100203800000,청자상감모란문완,PS06001016,PS08003001,국립중앙박물관,본관2038번,PS0100100100100203800000.jpg,고려,유광,False,자기계열:청자
PS0100100100100203900000,청자상감국당초문병,PS06001016,PS08003001,국립중앙박물관,본관2039번,PS0100100100100203900000.jpg,고려,유광,False,자기계열:청자
PS0100100100100204000000,청자상감국화문호,PS06001016,PS08003001,국립중앙박물관,본관2040번,PS0100100100100204000000.jpg,고려,유광,False,자기계열:청자
PS0100100100100204100000,청자상감국화『인관』명잔,PS06001016,PS08003001,국립중앙박물관,본관2041번,PS0100100100100204100000.jpg,고려,유광,False,자기계열:청자
PS0100100100100204300000,청자 음각 넝쿨 무늬 완,PS06001016,PS08003001,국립중앙박물관,본관2043번,PS0100100100100204300000.jpg,고려,유광,False,자기계열:청자
PS0100100100100204400000,청자음각모란문합,PS06001016,PS08003001,국립중앙박물관,본관2044번,PS0100100100100204400000.jpg,고려,유광,False,자기계열:청자
PS0100100100100204500000,청자양각운학문완,PS06001016,PS08003001,국립중앙박물관,본관2045번,PS0100100100100204500000.jpg,고려,유광,False,자기계열:청자
PS0100100100100204600000,청자과형주자,PS06001016,PS08003001,국립중앙박물관,본관2046번,PS0100100100100204600000.jpg,고려,유광,False,자기계열:청자
PS0100100100100204700000,청자병,PS06001016,PS08003001,국립중앙박물관,본관2047번,PS0100100100100204700000.jpg,고려,유광,False,자기계열:청자
PS0100100100100204800000,백자주자,PS06001016,PS08003003,국립중앙박물관,본관2048번,PS0100100100100204800000.jpg,고려,유광,False,자기계열:백자
PS0100100100100205600000,청자상감국화문유병,PS06001016,PS08003001,국립중앙박물관,본관2056번,PS0100100100100205600000.jpg,고려,유광,False,유약직접명시:유병
PS0100100100100205800000,청자상감운학문완,PS06001016,PS08003001,국립중앙박물관,본관2058번,PS0100100100100205800000.jpg,고려,유광,False,자기계열:청자
PS0100100100100205900000,청자상감유로수금문병,PS06001016,PS08003001,국립중앙박물관,본관2059번,PS0100100100100205900000.jpg,고려,유광,False,자기계열:청자
PS0100100100100206000000,청자상감국화문통형잔,PS06001016,PS08003001,국립중앙박물관,본관2060번,PS0100100100100206000000.jpg,고려,유광,False,자기계열:청자
PS0100100100100206200000,청자음각모란문탁잔,PS06001016,PS08003001,국립중앙박물관,본관2062번,PS0100100100100206200000.jpg,고려,유광,False,자기계열:청자
PS0100100100100206300000,청자 음각 풀꽃 무늬 꽃모양 잔과 잔받침,PS06001016,PS08003001,국립중앙박물관,본관2063번,PS0100100100100206300000.jpg,고려,유광,False,자기계열:청자
PS0100100100100206400000,청자 양각 연꽃잎 무늬 완,PS06001016,PS08003001,국립중앙박물관,본관2064번,PS0100100100100206400000.jpg,고려,유광,False,자기계열:청자
PS0100100100100206500000,청자음각모란문매병,PS06001016,PS08003001,국립중앙박물관,본관2065번,PS0100100100100206500000.jpg,고려,유광,False,자기계열:청자
PS0100100100100207100000,백자음각당초문완,PS06001016,PS08003003,국립중앙박물관,본관2071번,PS0100100100100207100000.jpg,고려,유광,False,자기계열:백자
PS0100100100100207200000,백자양각칠보문합,PS06001016,PS08003003,국립중앙박물관,본관2072번,PS0100100100100207200000.jpg,고려,유광,False,자기계열:백자
PS0100100100100207400000,청자 철채 퇴화 잎무늬 매병,PS06001016,PS08003001,국립중앙박물관,"본관2074번, 보물, 보물340호, 잎, 음식기",PS0100100100100207400000.jpg,고려,유광,False,자기계열:청자
PS0100100100100207500000,흑유완,PS06001016,PS08003004,국립중앙박물관,본관2075번,PS0100100100100207500000.jpg,고려,유광,False,유약직접명시:흑유
PS0100100100100207600000,천목유개부호,PS06001016,PS08003012,국립중앙박물관,본관2076번,PS0100100100100207600000.jpg,고려,판단보류,True,규칙 매칭 없음
PS0100100100100207800000,철유병,PS06001016,PS08003004,국립중앙박물관,본관2078번,PS0100100100100207800000.jpg,고려,유광,False,유약직접명시:유병
PS0100100100100208700000,청자접시,PS06001016,PS08003001,국립중앙박물관,본관2087번,PS0100100100100208700000.jpg,고려,유광,False,자기계열:청자
PS0100100100100209800000,청자상감운학문표형병,PS06001016,PS08003001,국립중앙박물관,본관2098번,PS0100100100100209800000.jpg,고려,유광,False,자기계열:청자
PS0100100100100209900000,청자상감모란문합,PS06001016,PS08003001,국립중앙박물관,본관2099번,PS0100100100100209900000.jpg,고려,유광,False,자기계열:청자
PS0100100100100210000000,청자상감국당초문합,PS06001016,PS08003001,국립중앙박물관,본관2100번,PS0100100100100210000000.jpg,고려,유광,False,자기계열:청자
PS0100100100100210100000,청자 상감 모란 줄기 무늬 기름병,PS06001016,PS08003001,국립중앙박물관,본관2101번,PS0100100100100210100000.jpg,고려,유광,False,자기계열:청자
PS0100100100100210200000,청자상감연화문합,PS06001016,PS08003001,국립중앙박물관,본관2102번,PS0100100100100210200000.jpg,고려,유광,False,자기계열:청자
PS0100100100100210300000,청자상감국화문병,PS06001016,PS08003001,국립중앙박물관,본관2103번,PS0100100100100210300000.jpg,고려,유광,False,자기계열:청자
PS0100100100100210400000,청자상감국화문합,PS06001016,PS08003001,국립중앙박물관,본관2104번,PS0100100100100210400000.jpg,고려,유광,False,자기계열:청자
PS0100100100100210500000,청자상감화문합,PS06001016,PS08003001,국립중앙박물관,본관2105번,PS0100100100100210500000.jpg,고려,유광,False,자기계열:청자
PS0100100100100210600000,청자상감국화문합,PS06001016,PS08003001,국립중앙박물관,본관2106번,PS0100100100100210600000.jpg,고려,유광,False,자기계열:청자
PS0100100100100210800000,청자상감국화문접시,PS06001016,PS08003001,국립중앙박물관,본관2108번,PS0100100100100210800000.jpg,고려,유광,False,자기계열:청자
PS0100100100100210900000,청자상감국화문접시,PS06001016,PS08003001,국립중앙박물관,본관2109번,PS0100100100100210900000.jpg,고려,유광,False,자기계열:청자
PS0100100100100211000000,청자상감쌍학모란당초문합,PS06001016,PS08003001,국립중앙박물관,본관2110번,PS0100100100100211000000.jpg,고려,유광,False,자기계열:청자
PS0100100100100211100000,청자상감국화문합,PS06001016,PS08003001,국립중앙박물관,본관2111번,PS0100100100100211100000.jpg,고려,유광,False,자기계열:청자
PS0100100100100213200000,청자상감유문『기사』명완,PS06001016,PS08003001,국립중앙박물관,본관2132번,PS0100100100100213200000.jpg,고려,유광,False,자기계열:청자
PS0100100100100214100000,청자상감국화문탁잔,PS06001016,PS08003001,국립중앙박물관,본관2141번,PS0100100100100214100000.jpg,고려,유광,False,자기계열:청자
PS0100100100100214200000,청자음각국당초문완,PS06001016,PS08003001,국립중앙박물관,본관2142번,PS0100100100100214200000.jpg,고려,유광,False,자기계열:청자
