code,name,level
PS06090,기타,국적
PS06090099,기타,시대(국적:기타)
PS06009,오세아니아,국적
PS06009099,기타,시대(국적:오세아니아)
PS06009018,피지,시대(국적:오세아니아)
PS06009017,마이크로네시아,시대(국적:오세아니아)
PS06009016,바누아트,시대(국적:오세아니아)
PS06009015,키리바시,시대(국적:오세아니아)
PS06009014,나우루,시대(국적:오세아니아)
PS06009013,투발루,시대(국적:오세아니아)
PS06009012,파푸아뉴기니,시대(국적:오세아니아)
PS06009011,팔라우,시대(국적:오세아니아)
PS06009010,사모아,시대(국적:오세아니아)
PS06009009,솔로몬제도,시대(국적:오세아니아)
PS06009008,마셜제도,시대(국적:오세아니아)
PS06009007,폴리네시아,시대(국적:오세아니아)
PS06009006,크리스마스섬(호),시대(국적:오세아니아)
PS06009005,쿡제도(뉴),시대(국적:오세아니아)
PS06009004,니우에(뉴),시대(국적:오세아니아)
PS06009003,뉴칼레도니아(프),시대(국적:오세아니아)
PS06009002,뉴질랜드,시대(국적:오세아니아)
PS06009001,호주,시대(국적:오세아니아)
PS06008,아메리카,국적
PS06008099,기타,시대(국적:아메리카)
PS06008052,생피에르미클롱(프),시대(국적:아메리카)
PS06008051,앤티가바부다,시대(국적:아메리카)
PS06008050,푸에르토리코,시대(국적:아메리카)
PS06008049,포클랜드제도(영),시대(국적:아메리카)
PS06008048,터크스카이코스제도,시대(국적:아메리카)
PS06008047,케이만제도(영),시대(국적:아메리카)
PS06008046,앙길라(영),시대(국적:아메리카)
PS06008045,아루바(네),시대(국적:아메리카)
PS06008044,세인트크리스토퍼네비스,시대(국적:아메리카)
PS06008043,버진제도(영),시대(국적:아메리카)
PS06008042,버진제도(미),시대(국적:아메리카)
PS06008041,버뮤다제도,시대(국적:아메리카)
PS06008040,마르티니크,시대(국적:아메리카)
PS06008039,안틸레스,시대(국적:아메리카)
PS06008038,기아나(프),시대(국적:아메리카)
PS06008037,그린란드,시대(국적:아메리카)
PS06008036,과들루프,시대(국적:아메리카)
PS06008035,쿠바,시대(국적:아메리카)
PS06008034,벨리즈,시대(국적:아메리카)
PS06008033,트리니다드토바고,시대(국적:아메리카)
PS06008032,바하마,시대(국적:아메리카)
PS06008031,세인트키츠네비스,시대(국적:아메리카)
PS06008030,안티구아바,시대(국적:아메리카)
PS06008029,세인트빈센트그레나딘,시대(국적:아메리카)
PS06008028,세인트루시아,시대(국적:아메리카)
PS06008027,도미니카연방,시대(국적:아메리카)
PS06008026,바베이도스,시대(국적:아메리카)
PS06008025,수리남,시대(국적:아메리카)
PS06008024,그레나다,시대(국적:아메리카)
PS06008023,가이아나,시대(국적:아메리카)
PS06008022,베네수엘라,시대(국적:아메리카)
PS06008021,볼리비아,시대(국적:아메리카)
PS06008020,우루과이,시대(국적:아메리카)
PS06008019,페루,시대(국적:아메리카)
PS06008018,캐나다,시대(국적:아메리카)
PS06008017,과테말라,시대(국적:아메리카)
PS06008016,자메이카,시대(국적:아메리카)
PS06008015,에콰도르,시대(국적:아메리카)
PS06008014,파나마,시대(국적:아메리카)
PS06008013,아이티,시대(국적:아메리카)
PS06008012,엘살바도르,시대(국적:아메리카)
PS06008011,코스타리카,시대(국적:아메리카)
PS06008010,파라과이,시대(국적:아메리카)
PS06008009,칠레,시대(국적:아메리카)
PS06008008,도미니카공화국,시대(국적:아메리카)
PS06008007,온두라스,시대(국적:아메리카)
PS06008006,콜롬비아,시대(국적:아메리카)
PS06008005,아르헨티나,시대(국적:아메리카)
PS06008004,멕시코,시대(국적:아메리카)
PS06008003,니카라과,시대(국적:아메리카)
PS06008002,브라질,시대(국적:아메리카)
PS06008001,미국,시대(국적:아메리카)
PS06007,유럽,국적
PS06007099,기타,시대(국적:유럽)
PS06007058,카렐리야,시대(국적:유럽)
PS06007057,모르도바,시대(국적:유럽)
PS06007056,부랴티아,시대(국적:유럽)
PS06007055,지브롤터,시대(국적:유럽)
PS06007054,맨섬,시대(국적:유럽)
PS06007053,안도라,시대(국적:유럽)
PS06007052,산마리노,시대(국적:유럽)
PS06007051,모나코,시대(국적:유럽)
PS06007050,마케도니아,시대(국적:유럽)
PS06007049,사이프러스,시대(국적:유럽)
PS06007048,보스니아헤르체코비나,시대(국적:유럽)
PS06007047,리히텐슈타인,시대(국적:유럽)
PS06007046,슬로바키아,시대(국적:유럽)
PS06007045,조지아,시대(국적:유럽)
PS06007044,슬로베니아,시대(국적:유럽)
PS06007043,타지키스탄,시대(국적:유럽)
PS06007042,크로아티아,시대(국적:유럽)
PS06007041,아제르바이잔,시대(국적:유럽)
PS06007040,아르메니아,시대(국적:유럽)
PS06007039,벨라루스,시대(국적:유럽)
PS06007038,투르크메니스탄,시대(국적:유럽)
PS06007037,키르기즈,시대(국적:유럽)
PS06007036,몰도바,시대(국적:유럽)
PS06007035,우즈베키스탄,시대(국적:유럽)
PS06007034,카자흐스탄,시대(국적:유럽)
PS06007033,라트비아,시대(국적:유럽)
PS06007032,에스토니아,시대(국적:유럽)
PS06007031,리투아니아,시대(국적:유럽)
PS06007030,알바니아,시대(국적:유럽)
PS06007029,우크라이나,시대(국적:유럽)
PS06007028,러시아,시대(국적:유럽)
PS06007027,루마니아,시대(국적:유럽)
PS06007026,불가리아,시대(국적:유럽)
PS06007025,체코,시대(국적:유럽)
PS06007024,유고슬라비아,시대(국적:유럽)
PS06007023,폴란드,시대(국적:유럽)
PS06007022,헝가리,시대(국적:유럽)
PS06007021,아일랜드,시대(국적:유럽)
PS06007020,핀란드,시대(국적:유럽)
PS06007019,몰타,시대(국적:유럽)
PS06007018,바티칸,시대(국적:유럽)
PS06007017,오스트리아,시대(국적:유럽)
PS06007016,스위스,시대(국적:유럽)
PS06007015,아이슬란드,시대(국적:유럽)
PS06007014,룩셈부르크,시대(국적:유럽)
PS06007013,벨기에,시대(국적:유럽)
PS06007012,포르투칼,시대(국적:유럽)
PS06007011,그리스,시대(국적:유럽)
PS06007010,네덜란드,시대(국적:유럽)
PS06007009,덴마크,시대(국적:유럽)
PS06007008,스웨덴,시대(국적:유럽)
PS06007007,노르웨이,시대(국적:유럽)
PS06007006,튀르키예,시대(국적:유럽)
PS06007005,이탈리아,시대(국적:유럽)
PS06007004,독일,시대(국적:유럽)
PS06007003,스페인,시대(국적:유럽)
PS06007002,프랑스,시대(국적:유럽)
PS06007001,영국,시대(국적:유럽)
PS06006,아프리카,국적
PS06006099,기타,시대(국적:아프리카)
PS06006051,수단,시대(국적:아프리카)
PS06006050,콩고민주공화국,시대(국적:아프리카)
PS06006049,서사하라,시대(국적:아프리카)
PS06006048,말라위,시대(국적:아프리카)
PS06006047,마요티(프),시대(국적:아프리카)
PS06006046,모로코,시대(국적:아프리카)
PS06006045,짐바브웨,시대(국적:아프리카)
PS06006044,모잠비크,시대(국적:아프리카)
PS06006043,에리트리아,시대(국적:아프리카)
PS06006042,남아프리카공화국,시대(국적:아프리카)
PS06006041,탄자니아,시대(국적:아프리카)
PS06006040,앙골라,시대(국적:아프리카)
PS06006039,부룬디,시대(국적:아프리카)
PS06006038,말리,시대(국적:아프리카)
PS06006037,잠비아,시대(국적:아프리카)
PS06006036,나미비아,시대(국적:아프리카)
PS06006035,카보베르데,시대(국적:아프리카)
PS06006034,상투메프린시페,시대(국적:아프리카)
PS06006033,소말리아,시대(국적:아프리카)
PS06006032,기니비쏘,시대(국적:아프리카)
PS06006031,나이지리아,시대(국적:아프리카)
PS06006030,적도기니,시대(국적:아프리카)
PS06006029,코모로,시대(국적:아프리카)
PS06006028,기니,시대(국적:아프리카)
PS06006027,지부티,시대(국적:아프리카)
PS06006026,가나,시대(국적:아프리카)
PS06006025,세이셸,시대(국적:아프리카)
PS06006024,모리셔스,시대(국적:아프리카)
PS06006023,스와질란드,시대(국적:아프리카)
PS06006022,보츠와나,시대(국적:아프리카)
PS06006021,레소토,시대(국적:아프리카)
PS06006020,감비아,시대(국적:아프리카)
PS06006019,라이베리아,시대(국적:아프리카)
PS06006018,케냐,시대(국적:아프리카)
PS06006017,이디오피아,시대(국적:아프리카)
PS06006016,중앙아프리카,시대(국적:아프리카)
PS06006015,토고,시대(국적:아프리카)
PS06006014,자이르,시대(국적:아프리카)
PS06006013,우간다,시대(국적:아프리카)
PS06006012,르완다,시대(국적:아프리카)
PS06006011,세네갈,시대(국적:아프리카)
PS06006010,가봉,시대(국적:아프리카)
PS06006009,시에라리온,시대(국적:아프리카)
PS06006008,마다가스카르,시대(국적:아프리카)
PS06006007,부르키나파소,시대(국적:아프리카)
PS06006006,콩고,시대(국적:아프리카)
PS06006005,카메룬,시대(국적:아프리카)
PS06006004,차드,시대(국적:아프리카)
PS06006003,베냉,시대(국적:아프리카)
PS06006002,니제르,시대(국적:아프리카)
PS06006001,코트디브아르,시대(국적:아프리카)
PS06005,중동,국적
PS06005099,기타,시대(국적:중동)
PS06005022,팔레스타인,시대(국적:중동)
PS06005021,시리아,시대(국적:중동)
PS06005020,이집트,시대(국적:중동)
PS06005019,알제리,시대(국적:중동)
PS06005018,이라크,시대(국적:중동)
PS06005017,예멘,시대(국적:중동)
PS06005016,레바논,시대(국적:중동)
PS06005015,리비아,시대(국적:중동)
PS06005014,아랍에미리트,시대(국적:중동)
PS06005013,쿠웨이트,시대(국적:중동)
PS06005012,모리타니아,시대(국적:중동)
PS06005011,수단,시대(국적:중동)
PS06005010,바레인,시대(국적:중동)
PS06005009,카타르,시대(국적:중동)
PS06005008,오만,시대(국적:중동)
PS06005007,아프카니스탄,시대(국적:중동)
PS06005006,튀니지,시대(국적:중동)
PS06005005,이란,시대(국적:중동)
PS06005004,사우디아라비아,시대(국적:중동)
PS06005003,요르단,시대(국적:중동)
PS06005002,모로코,시대(국적:중동)
PS06005001,이스라엘,시대(국적:중동)
PS06004,아시아,국적
PS06004099,기타,시대(국적:아시아)
PS06004041,타지키스탄,시대(국적:아시아)
PS06004040,투르크메니스탄,시대(국적:아시아)
PS06004039,키르기즈,시대(국적:아시아)
PS06004038,우즈베키스탄,시대(국적:아시아)
PS06004037,카자흐스탄,시대(국적:아시아)
PS06004036,홍콩,시대(국적:아시아)
PS06004035,마카오(프),시대(국적:아시아)
PS06004034,괌(미),시대(국적:아시아)
PS06004033,북한,시대(국적:아시아)
PS06004032,싱가폴,시대(국적:아시아)
PS06004031,베트남,시대(국적:아시아)
PS06004030,마이크로네시아,시대(국적:아시아)
PS06004029,마샬군도,시대(국적:아시아)
PS06004028,몽골,시대(국적:아시아)
PS06004027,방글라데시,시대(국적:아시아)
PS06004026,부탄,시대(국적:아시아)
PS06004025,브루나이,시대(국적:아시아)
PS06004024,파키스탄,시대(국적:아시아)
PS06004023,바누아투,시대(국적:아시아)
PS06004022,키리바시,시대(국적:아시아)
PS06004021,나우루,시대(국적:아시아)
PS06004020,투발루,시대(국적:아시아)
PS06004019,솔로몬군도,시대(국적:아시아)
PS06004018,스리랑카,시대(국적:아시아)
PS06004017,파푸아뉴기니,시대(국적:아시아)
PS06004016,미얀마,시대(국적:아시아)
PS06004015,라오스,시대(국적:아시아)
PS06004014,네팔,시대(국적:아시아)
PS06004013,인도,시대(국적:아시아)
PS06004012,인도네시아,시대(국적:아시아)
PS06004011,서사모아,시대(국적:아시아)
PS06004010,휘지,시대(국적:아시아)
PS06004009,통가,시대(국적:아시아)
PS06004008,캄보디아,시대(국적:아시아)
PS06004007,몰디브,시대(국적:아시아)
PS06004006,뉴질랜드,시대(국적:아시아)
PS06004005,호주,시대(국적:아시아)
PS06004004,말레이지아,시대(국적:아시아)
PS06004003,태국,시대(국적:아시아)
PS06004002,필리핀,시대(국적:아시아)
PS06004001,대만,시대(국적:아시아)
PS06003,일본,국적
PS06003099,시대미상,시대(국적:일본)
PS06003015,2000년 이후,시대(국적:일본)
PS06003014,1945년이후,시대(국적:일본)
PS06003013,근대,시대(국적:일본)
PS06003012,에도,시대(국적:일본)
PS06003011,모모야마,시대(국적:일본)
PS06003010,무로마치,시대(국적:일본)
PS06003009,가마쿠라,시대(국적:일본)
PS06003008,헤이안,시대(국적:일본)
PS06003007,나라,시대(국적:일본)
PS06003006,하쿠호,시대(국적:일본)
PS06003005,아스카,시대(국적:일본)
PS06003004,고훈,시대(국적:일본)
PS06003003,야요이,시대(국적:일본)
PS06003002,조몬,시대(국적:일본)
PS06003001,구석기,시대(국적:일본)
PS06002,중국,국적
PS06002099,시대미상,시대(국적:중국)
PS06002079,소수민족(회),시대(국적:중국)
PS06002078,소수민족(허쩌),시대(국적:중국)
PS06002077,소수민족(하사크),시대(국적:중국)
PS06002076,소수민족(하니),시대(국적:중국)
PS06002075,소수민족(푸이),시대(국적:중국)
PS06002074,소수민족(푸메이),시대(국적:중국)
PS06002073,소수민족(푸랑),시대(국적:중국)
PS06002072,소수민족(펑퉁),시대(국적:중국)
PS06002071,소수민족(투),시대(국적:중국)
PS06002070,소수민족(투자),시대(국적:중국)
PS06002069,소수민족(통),시대(국적:중국)
PS06002068,소수민족(타타르),시대(국적:중국)
PS06002067,소수민족(타지크),시대(국적:중국)
PS06002066,소수민족(키르기즈),시대(국적:중국)
PS06002065,소수민족(치앙),시대(국적:중국)
PS06002064,소수민족(찡뽀),시대(국적:중국)
PS06002063,소수민족(쫭),시대(국적:중국)
PS06002062,소수민족(징),시대(국적:중국)
PS06002061,소수민족(지누어),시대(국적:중국)
PS06002060,소수민족(조선),시대(국적:중국)
PS06002059,소수민족(이),시대(국적:중국)
PS06002058,소수민족(위꾸),시대(국적:중국)
PS06002057,소수민족(위구르),시대(국적:중국)
PS06002056,소수민족(원크),시대(국적:중국)
PS06002055,소수민족(우즈베크),시대(국적:중국)
PS06002054,소수민족(와),시대(국적:중국)
PS06002053,소수민족(어룬춘),시대(국적:중국)
PS06002052,소수민족(야오),시대(국적:중국)
PS06002051,소수민족(아창),시대(국적:중국)
PS06002050,소수민족(씨버),시대(국적:중국)
PS06002049,소수민족(써),시대(국적:중국)
PS06002048,소수민족(싸라),시대(국적:중국)
PS06002047,소수민족(수이),시대(국적:중국)
PS06002046,소수민족(빠이),시대(국적:중국)
PS06002045,소수민족(빠오안),시대(국적:중국)
PS06002044,소수민족(백러시아),시대(국적:중국)
PS06002043,소수민족(미야오),시대(국적:중국)
PS06002042,소수민족(무라오),시대(국적:중국)
PS06002041,소수민족(몽고),시대(국적:중국)
PS06002040,소수민족(먼빠),시대(국적:중국)
PS06002039,소수민족(만),시대(국적:중국)
PS06002038,소수민족(마오난),시대(국적:중국)
PS06002037,소수민족(리),시대(국적:중국)
PS06002036,소수민족(리쑤),시대(국적:중국)
PS06002035,소수민족(러빠),시대(국적:중국)
PS06002034,소수민족(라꾸),시대(국적:중국)
PS06002033,소수민족(뚱상),시대(국적:중국)
PS06002032,소수민족(두룽),시대(국적:중국)
PS06002031,소수민족(다이),시대(국적:중국)
PS06002030,소수민족(다워르),시대(국적:중국)
PS06002029,소수민족(누),시대(국적:중국)
PS06002028,소수민족(나씨),시대(국적:중국)
PS06002027,소수민족(고산),시대(국적:중국)
PS06002026,소수민족(걸라오),시대(국적:중국)
PS06002025,소수민족(티베트),시대(국적:중국)
PS06002024,2000년 이후,시대(국적:중국)
PS06002023,1945년이후,시대(국적:중국)
PS06002022,근대,시대(국적:중국)
PS06002021,청,시대(국적:중국)
PS06002020,명,시대(국적:중국)
PS06002019,원,시대(국적:중국)
PS06002018,송,시대(국적:중국)
PS06002017,오대,시대(국적:중국)
PS06002016,당,시대(국적:중국)
PS06002015,수,시대(국적:중국)
PS06002014,남북조,시대(국적:중국)
PS06002013,남진,시대(국적:중국)
PS06002012,동진,시대(국적:중국)
PS06002011,삼국,시대(국적:중국)
PS06002010,후한,시대(국적:중국)
PS06002009,신,시대(국적:중국)
PS06002008,전한,시대(국적:중국)
PS06002007,진,시대(국적:중국)
PS06002006,전국,시대(국적:중국)
PS06002005,춘추,시대(국적:중국)
PS06002004,서주,시대(국적:중국)
PS06002003,상,시대(국적:중국)
PS06002002,신석기,시대(국적:중국)
PS06002001,구석기,시대(국적:중국)
PS06001,한국,국적
PS06001099,시대미상,시대(국적:한국)
PS06001022,2000년 이후,시대(국적:한국)
PS06001021,광복이후,시대(국적:한국)
PS06001020,일제강점,시대(국적:한국)
PS06001019,대한제국,시대(국적:한국)
PS06001018,조선,시대(국적:한국)
PS06001017,려말선초,시대(국적:한국)
PS06001016,고려,시대(국적:한국)
PS06001015,라말여초,시대(국적:한국)
PS06001014,발해,시대(국적:한국)
PS06001013,통일신라,시대(국적:한국)
PS06001012,삼국,시대(국적:한국)
PS06001011,가야,시대(국적:한국)
PS06001010,신라,시대(국적:한국)
PS06001009,백제,시대(국적:한국)
PS06001008,고구려,시대(국적:한국)
PS06001007,낙랑,시대(국적:한국)
PS06001006,원삼국,시대(국적:한국)
PS06001005,초기철기,시대(국적:한국)
PS06001004,청동기,시대(국적:한국)
PS06001003,신석기,시대(국적:한국)
PS06001002,중석기,시대(국적:한국)
PS06001001,구석기,시대(국적:한국)
