file,unglazed_prob,note
PS0100322000100005000000.jpg,0.9067,
PS0100322000100017500000.jpg,0.89,
PS0100322000100006800000.jpg,0.8833,
PS0100322000100010600000.jpg,0.87,
PS0100322000100012900000.jpg,0.8433,
PS0100322000100005700000.jpg,0.8,
PS0100322000100003900000.jpg,0.7967,
PS0100322000100007900000.jpg,0.7967,
PS0100322000100006100000.jpg,0.79,
PS0100322000100007700000.jpg,0.79,
PS0100322000100009500000.jpg,0.77,
PS0100322000100003800000.jpg,0.76,
PS0100322000100005100000.jpg,0.7367,
PS0100322000100006000000.jpg,0.7367,
PS0100322000100018600000.jpg,0.7233,
PS0100322000100010900000.jpg,0.71,
PS0100322000100018300000.jpg,0.6933,
PS0100100201801485300000.jpg,0.6867,
PS0100322000100008200000.jpg,0.67,
PS0100322000100012400000.jpg,0.6433,
PS0100101200105193600000.jpg,0.6267,
PS0100100101100511100000.jpg,0.62,
PS0100322000100005400000.jpg,0.5967,
PS0100322000100016600000.jpg,0.5967,
PS0100100100500502900000.jpg,0.58,
PS0100100201803506100000.jpg,0.5567,
PS0100322000100006600000.jpg,0.5533,
PS0100322000100007500000.jpg,0.4833,
PS0100322000100016200000.jpg,0.4733,
PS0100322000100010700000.jpg,0.46,
PS0100100500108549200000.jpg,0.4433,
PS0100322000100006500000.jpg,0.4433,
PS0100322000100005600000.jpg,0.44,
PS0100322000100015500000.jpg,0.44,
PS0100100100100022600000.jpg,0.43,
PS0100322000100012800000.jpg,0.4267,
PS0100322000100012300000.jpg,0.4133,
PS0100101200102407600000.jpg,0.3833,
PS0100100500108549900000.jpg,0.3767,
PS0100322000100013100000.jpg,0.3767,
PS0100100300100611500000.jpg,0.3667,
PS0100322000100010000000.jpg,0.3667,
PS0100100100500467700000.jpg,0.35,
PS0100322000100004500000.jpg,0.3467,
PS0100322000100015600000.jpg,0.3467,
PS0100322000100009900000.jpg,0.33,
PS0100322000100013400000.jpg,0.3233,
PS0100100200108588700000.jpg,0.3133,
PS0100100200103224400000.jpg,0.3067,
PS0100300501903235300000.jpg,0.3067,
PS0100100200103406100000.jpg,0.3,
PS0100322000100006400000.jpg,0.3,
PS0100322000100007600000.jpg,0.3,
PS0100322000100009800000.jpg,0.3,
PS0100100100100022900000.jpg,0.2933,
PS0100100300100390900000.jpg,0.29,
PS0100101200102415000000.jpg,0.27,
PS0100322000100004800000.jpg,0.27,
PS0100101200106570900000.jpg,0.2567,
PS0100100500108549800000.jpg,0.2533,
PS0100100200103187100000.jpg,0.2433,
PS0100100100100207600000.jpg,0.2333,
PS0100100201100960800000.jpg,0.23,
PS0100300501903234700000.jpg,0.23,
PS0100322000100009600000.jpg,0.23,
PS0100100200100180400000.jpg,0.2267,
PS0100322000100005300000.jpg,0.2233,
PS0100100200102372800000.jpg,0.2133,
PS0100322000100013600000.jpg,0.2133,
PS0100100100500491000000.jpg,0.21,
PS0100100201801108000000.jpg,0.1933,
PS0100100201802263600000.jpg,0.1933,
PS0100101200106569400000.jpg,0.1867,
PS0100322000100006300000.jpg,0.1833,
PS0100100200102083800000.jpg,0.18,
PS0100322000100016100000.jpg,0.1767,
PS0100100201800413600000.jpg,0.1733,
PS0100101200106570800000.jpg,0.17,
PS0100322000100004000000.jpg,0.17,
PS0100100201801485200000.jpg,0.1533,
PS0100322000100008900000.jpg,0.15,
PS0100100300100150700000.jpg,0.1433,
PS0100322000100009300000.jpg,0.14,
PS0100100400104361300000.jpg,0.1333,
PS0100100100100020800000.jpg,0.13,
PS0100100200102417900000.jpg,0.13,
PS0100322000100008100000.jpg,0.13,
PS0100322000100012700000.jpg,0.12,
PS0100100200102347800000.jpg,0.1067,
PS0100322000100006700000.jpg,0.1067,
PS0100322000100013000000.jpg,0.1067,
PS0100100201000140600000.jpg,0.0933,
PS0100322000100012200000.jpg,0.09,
PS0100100201804131800000.jpg,0.0833,
PS0100322000100016800000.jpg,0.0833,
PS0100100200101580000000.jpg,0.08,
PS0100100100100376700000.jpg,0.0767,
PS0100100200102952300000.jpg,0.07,
PS0100101200102424100000.jpg,0.07,
PS0100322000100018900000.jpg,0.07,
PS0100100200102376800000.jpg,0.0667,
PS0100100200103910900000.jpg,0.0667,
PS0100100200102770700000.jpg,0.0633,
PS0100101200106569300000.jpg,0.0633,
PS0100101200108057000000.jpg,0.06,
PS0100100200102083600000.jpg,0.0567,
PS0100322000100005500000.jpg,0.0567,
PS0100100100100020000000.jpg,0.05,
PS0100100200102417800000.jpg,0.05,
PS0100100201801690300000.jpg,0.0467,
PS0100322000100012600000.jpg,0.0467,
PS0100100200102232900000.jpg,0.0433,
PS0100322000100009200000.jpg,0.0433,
PS0100101200101951100000.jpg,0.04,
PS0100100102102708500000.jpg,0.0367,
PS0100100200109077600000.jpg,0.0367,
PS0100100201802828500000.jpg,0.0367,
PS0100100201802867700000.jpg,0.0367,
PS0100322000100019000000.jpg,0.0367,
PS0100100100100377000000.jpg,0.0333,
PS0100100201801485100000.jpg,0.0333,
PS0100100201801878300000.jpg,0.0333,
PS0100100201802691200000.jpg,0.0333,
PS0100100201803030300000.jpg,0.0333,
PS0100101200106569600000.jpg,0.0333,
PS0100100200103893600000.jpg,0.03,
PS0100101200106575200000.jpg,0.03,
PS0100322000100008000000.jpg,0.03,
PS0100322000100009700000.jpg,0.03,
PS0100100201801504800000.jpg,0.0267,
PS0100100201802276100000.jpg,0.0267,
PS0100322000100005800000.jpg,0.0267,
PS0100100100100202600000.jpg,0.0233,
PS0100101200108056900000.jpg,0.0233,
PS0100101200108058300000.jpg,0.0233,
PS0100101200106575500000.jpg,0.02,
PS0100322000100009000000.jpg,0.02,
PS0100322000100004700000.jpg,0.0167,
PS0100322000100008300000.jpg,0.0167,
PS0100100100100376100000.jpg,0.0133,
PS0100100100100752100000.jpg,0.0133,
PS0100100101105216600000.jpg,0.0133,
PS0100100200102083900000.jpg,0.0133,
PS0100100200102346700000.jpg,0.0133,
PS0100100201100725700000.jpg,0.0133,
PS0100100201800603100000.jpg,0.0133,
PS0100322000100012100000.jpg,0.0133,
PS0100322000100012500000.jpg,0.0133,
PS0100100100100023500000.jpg,0.01,
PS0100100200102372500000.jpg,0.01,
PS0100100200109812700000.jpg,0.01,
PS0100100201802646100000.jpg,0.01,
PS0100100201805637300000.jpg,0.01,
PS0100101200102400800000.jpg,0.01,
PS0100101200106569500000.jpg,0.01,
PS0100100101102423000000.jpg,0.0067,
PS0100100200100016500000.jpg,0.0067,
PS0100100200102372600000.jpg,0.0067,
PS0100100201801398900000.jpg,0.0067,
PS0100100500108549100000.jpg,0.0067,
PS0100100500108549300000.jpg,0.0067,
PS0100322000100016400000.jpg,0.0067,
PS0100322000100018400000.jpg,0.0067,
PS0100322000100018500000.jpg,0.0067,
PS0100100100100236200000.jpg,0.0033,
PS0100100200102232800000.jpg,0.0033,
PS0100100200109077500000.jpg,0.0033,
PS0100100201801504900000.jpg,0.0033,
PS0100100201804131700000.jpg,0.0033,
PS0100100201805962700000.jpg,0.0033,
PS0100101000107758500000.jpg,0.0033,
PS0100101200101951200000.jpg,0.0033,
PS0100101200106571100000.jpg,0.0033,
PS0100307900100043700000.jpg,0.0033,
PS0100322000100004600000.jpg,0.0033,
PS0100322000100007800000.jpg,0.0033,
PS0100322000100008600000.jpg,0.0033,
PS0100322000100008800000.jpg,0.0033,
PS0100322000100017400000.jpg,0.0033,
PS0100322000100019100000.jpg,0.0033,
PS0100100100100021800000.jpg,0.0,
PS0100100100100236300000.jpg,0.0,
PS0100100100100236500000.jpg,0.0,
PS0100100100100249400000.jpg,0.0,
PS0100100100100376600000.jpg,0.0,
PS0100100100100380400000.jpg,0.0,
PS0100100200100038500000.jpg,0.0,
PS0100100200100049400000.jpg,0.0,
PS0100100200102372700000.jpg,0.0,
PS0100100200102482900000.jpg,0.0,
PS0100100200103911700000.jpg,0.0,
PS0100100200104381800000.jpg,0.0,
PS0100100200108621600000.jpg,0.0,
PS0100100201800736000000.jpg,0.0,
PS0100100201801398800000.jpg,0.0,
PS0100100201801469600000.jpg,0.0,
PS0100100201802276200000.jpg,0.0,
PS0100100201802646200000.jpg,0.0,
PS0100100201802646300000.jpg,0.0,
PS0100100201803730900000.jpg,0.0,
PS0100100300100390600000.jpg,0.0,
PS0100100300102904900000.jpg,0.0,
PS0100101000107752800000.jpg,0.0,
PS0100101200102419800000.jpg,0.0,
PS0100101200102547300000.jpg,0.0,
PS0100101200105318100000.jpg,0.0,
PS0100101200108056800000.jpg,0.0,
PS0100300501903234800000.jpg,0.0,
PS0100322000100004900000.jpg,0.0,
PS0100322000100005900000.jpg,0.0,
PS0100322000100008400000.jpg,0.0,
PS0100322000100008500000.jpg,0.0,
PS0100322000100008700000.jpg,0.0,
PS0100322000100009100000.jpg,0.0,
PS0100322000100009400000.jpg,0.0,
PS0100322000100010800000.jpg,0.0,
PS0100322000100013500000.jpg,0.0,
PS0100322000100016300000.jpg,0.0,
PS0100322000100016500000.jpg,0.0,
